path	bytes	class	risk	reason
tmp/dir-legacy.txt	308669062	SEMANTIC-SCRAP	LOW	Semantic-explorer artifact - disposable
tmp/swarm-20260817-alt	11710551	SEMANTIC-SCRAP	LOW	Semantic-explorer artifact - disposable
tmp/semantic-ui-visual-audit	5191542	SEMANTIC-SCRAP	LOW	Semantic-explorer artifact - disposable
tmp/ui-capability-qa	3987147	SEMANTIC-SCRAP	LOW	Semantic-explorer artifact - disposable
tmp/swarm-journey-risk	3371769	SEMANTIC-SCRAP	LOW	Semantic-explorer artifact - disposable
tmp/swarm-journey-audit	2968739	SEMANTIC-SCRAP	LOW	Semantic-explorer artifact - disposable
tmp/dots-toolcall-audit	2860311	SEMANTIC-SCRAP	LOW	Semantic-explorer artifact - disposable
tmp/external-subagents	2385781	SEMANTIC-SCRAP	LOW	Semantic-explorer artifact - disposable
tmp/delegation-20260814	2178898	SEMANTIC-SCRAP	LOW	Semantic-explorer artifact - disposable
tmp/swarm-obs-live-delivery	1690491	SEMANTIC-SCRAP	LOW	Semantic-explorer artifact - disposable
tmp/swarm-journey-consolidate	1658191	SEMANTIC-SCRAP	LOW	Semantic-explorer artifact - disposable
tmp/goal-default-canaries-20260817	1496553	SEMANTIC-SCRAP	LOW	Semantic-explorer artifact - disposable
tmp/qa-wave-20260814-main	1314444	SEMANTIC-SCRAP	LOW	Semantic-explorer artifact - disposable
tmp/dots-semantic-explorer-triage-20260817	1014638	SEMANTIC-SCRAP	LOW	Semantic-explorer artifact - disposable
tmp/dots-direct-adapter-hardening-20260818	862901	SEMANTIC-SCRAP	LOW	Semantic-explorer artifact - disposable
tmp/swarm-obs-return-feedback	835240	SEMANTIC-SCRAP	LOW	Semantic-explorer artifact - disposable
tmp/swarm-20260817	826376	SEMANTIC-SCRAP	LOW	Semantic-explorer artifact - disposable
tmp/swarm-fix-mockcase	809634	SEMANTIC-SCRAP	LOW	Semantic-explorer artifact - disposable
tmp/swarm-journey-fix-deadstate	751515	SEMANTIC-SCRAP	LOW	Semantic-explorer artifact - disposable
tmp/dots-direct-adapter-hardening-20260818-v3	655141	SEMANTIC-SCRAP	LOW	Semantic-explorer artifact - disposable
tmp/_peek_inspect.png	629808	SEMANTIC-SCRAP	LOW	Semantic-explorer artifact - disposable
tmp/logfare-health-audit-20260818	628059	SEMANTIC-SCRAP	LOW	Semantic-explorer artifact - disposable
tmp/harness-landscape-20260810	607200	SEMANTIC-SCRAP	LOW	Semantic-explorer artifact - disposable
tmp/logfare-alias-fix-20260818	580817	SEMANTIC-SCRAP	LOW	Semantic-explorer artifact - disposable
tmp/logfare-swarm-20260817	578516	SEMANTIC-SCRAP	LOW	Semantic-explorer artifact - disposable
tmp/qa-overlap-guard	574818	SEMANTIC-SCRAP	LOW	Semantic-explorer artifact - disposable
tmp/qa-overlap-guard2	562956	SEMANTIC-SCRAP	LOW	Semantic-explorer artifact - disposable
tmp/qa-overlap-guard4	559244	SEMANTIC-SCRAP	LOW	Semantic-explorer artifact - disposable
tmp/lighthouse-mobile-1786932108114.json	551131	SEMANTIC-SCRAP	LOW	Semantic-explorer artifact - disposable
tmp/semantic-ui-visual-audit-webgl	550354	SEMANTIC-SCRAP	LOW	Semantic-explorer artifact - disposable
tmp/lighthouse-mobile-latest.json	544501	SEMANTIC-SCRAP	LOW	Semantic-explorer artifact - disposable
tmp/lighthouse-mobile-1786937249950.json	544501	SEMANTIC-SCRAP	LOW	Semantic-explorer artifact - disposable
tmp/lighthouse-mobile-1786937886285.json	542846	SEMANTIC-SCRAP	LOW	Semantic-explorer artifact - disposable
tmp/lighthouse-mobile-1786918570957.json	542248	SEMANTIC-SCRAP	LOW	Semantic-explorer artifact - disposable
tmp/lighthouse-mobile-1786844081810.json	538959	SEMANTIC-SCRAP	LOW	Semantic-explorer artifact - disposable
tmp/lighthouse-mobile-1786843984456.json	537679	SEMANTIC-SCRAP	LOW	Semantic-explorer artifact - disposable
tmp/lighthouse-mobile-1786932010280.json	516340	SEMANTIC-SCRAP	LOW	Semantic-explorer artifact - disposable
tmp/lighthouse-mobile-1786932057002.json	516284	SEMANTIC-SCRAP	LOW	Semantic-explorer artifact - disposable
tmp/lighthouse-mobile-1786937922544.json	515815	SEMANTIC-SCRAP	LOW	Semantic-explorer artifact - disposable
tmp/lighthouse-mobile-1786741775195.json	509973	SEMANTIC-SCRAP	LOW	Semantic-explorer artifact - disposable
tmp/lighthouse-desktop-1786918570957.json	509106	SEMANTIC-SCRAP	LOW	Semantic-explorer artifact - disposable
tmp/lighthouse-desktop-1786932108114.json	496680	SEMANTIC-SCRAP	LOW	Semantic-explorer artifact - disposable
tmp/lighthouse-desktop-latest.json	494805	SEMANTIC-SCRAP	LOW	Semantic-explorer artifact - disposable
tmp/lighthouse-desktop-1786937249950.json	494805	SEMANTIC-SCRAP	LOW	Semantic-explorer artifact - disposable
tmp/lighthouse-desktop-1786843984456.json	494072	SEMANTIC-SCRAP	LOW	Semantic-explorer artifact - disposable
tmp/lighthouse-desktop-1786937922544.json	490209	SEMANTIC-SCRAP	LOW	Semantic-explorer artifact - disposable
tmp/lighthouse-desktop-1786932057002.json	487504	SEMANTIC-SCRAP	LOW	Semantic-explorer artifact - disposable
tmp/poolmon-paged-mapped.txt	484813	SEMANTIC-SCRAP	LOW	Semantic-explorer artifact - disposable
tmp/poolmon-full-interval-b.txt	484813	SEMANTIC-SCRAP	LOW	Semantic-explorer artifact - disposable
tmp/poolmon-full-interval-a.txt	484813	SEMANTIC-SCRAP	LOW	Semantic-explorer artifact - disposable
tmp/lighthouse-desktop-1786937886285.json	481944	SEMANTIC-SCRAP	LOW	Semantic-explorer artifact - disposable
tmp/lighthouse-desktop-1786932010280.json	477693	SEMANTIC-SCRAP	LOW	Semantic-explorer artifact - disposable
tmp/qa-overlap-guard3	473787	SEMANTIC-SCRAP	LOW	Semantic-explorer artifact - disposable
tmp/qa-overlap-base	457294	SEMANTIC-SCRAP	LOW	Semantic-explorer artifact - disposable
tmp/lighthouse-desktop-1786741775195.json	440918	SEMANTIC-SCRAP	LOW	Semantic-explorer artifact - disposable
tmp/lighthouse-desktop-1786844081810.json	433894	SEMANTIC-SCRAP	LOW	Semantic-explorer artifact - disposable
tmp/rf-common-candidate	400167	SEMANTIC-SCRAP	LOW	Semantic-explorer artifact - disposable
tmp/.tmp-audit-entries.json	394329	SEMANTIC-SCRAP	LOW	Semantic-explorer artifact - disposable
tmp/qa-final3	376568	SEMANTIC-SCRAP	LOW	Semantic-explorer artifact - disposable
tmp/contract-audit-results.json	372001	SEMANTIC-SCRAP	LOW	Semantic-explorer artifact - disposable
tmp/ui-quality-contract	363896	SEMANTIC-SCRAP	LOW	Semantic-explorer artifact - disposable
tmp/.tmp-audit-listing.txt	326771	SEMANTIC-SCRAP	LOW	Semantic-explorer artifact - disposable
tmp/ram-paging-trend-20260817-014400	322210	SEMANTIC-SCRAP	LOW	Semantic-explorer artifact - disposable
tmp/subagent-css-budget	315414	SEMANTIC-SCRAP	LOW	Semantic-explorer artifact - disposable
tmp/remote-it-capture.png	309744	SEMANTIC-SCRAP	LOW	Semantic-explorer artifact - disposable
tmp/qa-neighbors-verify	304919	SEMANTIC-SCRAP	LOW	Semantic-explorer artifact - disposable
tmp/spec-mine-file.js	304185	SEMANTIC-SCRAP	LOW	Semantic-explorer artifact - disposable
tmp/poolmon-nonpaged-mapped.txt	289565	SEMANTIC-SCRAP	LOW	Semantic-explorer artifact - disposable
tmp/poolmon-nonpaged-interval-b.txt	289565	SEMANTIC-SCRAP	LOW	Semantic-explorer artifact - disposable
tmp/poolmon-nonpaged-interval-a.txt	289565	SEMANTIC-SCRAP	LOW	Semantic-explorer artifact - disposable
tmp/surface-contract-check	282747	SEMANTIC-SCRAP	LOW	Semantic-explorer artifact - disposable
tmp/swarm-2026-08-15	226821	SEMANTIC-SCRAP	LOW	Semantic-explorer artifact - disposable
tmp/qa-final-combo	224996	SEMANTIC-SCRAP	LOW	Semantic-explorer artifact - disposable
tmp/qa-w24-full	222263	SEMANTIC-SCRAP	LOW	Semantic-explorer artifact - disposable
tmp/dots-direct-adapter-hardening-20260818-v2	218092	SEMANTIC-SCRAP	LOW	Semantic-explorer artifact - disposable
tmp/swarm-audit	188665	SEMANTIC-SCRAP	LOW	Semantic-explorer artifact - disposable
tmp/qa-journey-conversion.log	187824	SEMANTIC-SCRAP	LOW	Semantic-explorer artifact - disposable
tmp/qa-smoke-revert.log	184707	SEMANTIC-SCRAP	LOW	Semantic-explorer artifact - disposable
tmp/vision-jobs	168934	SEMANTIC-SCRAP	LOW	Semantic-explorer artifact - disposable
tmp/swarm-fix-deadcss	166093	SEMANTIC-SCRAP	LOW	Semantic-explorer artifact - disposable
tmp/delegation-20260818	164512	SEMANTIC-SCRAP	LOW	Semantic-explorer artifact - disposable
tmp/__pycache__	163317	SEMANTIC-SCRAP	LOW	Semantic-explorer artifact - disposable
tmp/semantic-browser-parity-wave-20260810	156314	SEMANTIC-SCRAP	LOW	Semantic-explorer artifact - disposable
tmp/poolmon-snapshot.txt	156085	SEMANTIC-SCRAP	LOW	Semantic-explorer artifact - disposable
tmp/parity-rg-all-data-selectors.txt	152573	SEMANTIC-SCRAP	LOW	Semantic-explorer artifact - disposable
tmp/swarm-W3-units.log	148788	SEMANTIC-SCRAP	LOW	Semantic-explorer artifact - disposable
tmp/qa-16d-m1	147369	SEMANTIC-SCRAP	LOW	Semantic-explorer artifact - disposable
tmp/qa-16d-m2	147367	SEMANTIC-SCRAP	LOW	Semantic-explorer artifact - disposable
tmp/dead-export-sweep-REPORT.md	143500	SEMANTIC-SCRAP	LOW	Semantic-explorer artifact - disposable
tmp/qa-16b-v1	143292	SEMANTIC-SCRAP	LOW	Semantic-explorer artifact - disposable
tmp/qa-16-w1	143286	SEMANTIC-SCRAP	LOW	Semantic-explorer artifact - disposable
tmp/qa-16-w2	143280	SEMANTIC-SCRAP	LOW	Semantic-explorer artifact - disposable
tmp/qa-16c-n2	143145	SEMANTIC-SCRAP	LOW	Semantic-explorer artifact - disposable
tmp/qa-16c-n1	143141	SEMANTIC-SCRAP	LOW	Semantic-explorer artifact - disposable
tmp/parity-claims-verified.raw.json	137551	SEMANTIC-SCRAP	LOW	Semantic-explorer artifact - disposable
tmp/subagent-S1-copy-strike	133368	SEMANTIC-SCRAP	LOW	Semantic-explorer artifact - disposable
tmp/qa-patchA	132293	SEMANTIC-SCRAP	LOW	Semantic-explorer artifact - disposable
tmp/swarm-tmp-audit-20260818	119012	SEMANTIC-SCRAP	LOW	Semantic-explorer artifact - disposable
tmp/three-star-consumers-rg.txt	113751	SEMANTIC-SCRAP	LOW	Semantic-explorer artifact - disposable
tmp/model-health	109045	SEMANTIC-SCRAP	LOW	Semantic-explorer artifact - disposable
tmp/node-spike-20260817-015212	103547	SEMANTIC-SCRAP	LOW	Semantic-explorer artifact - disposable
tmp/model-health-runtime-swarm-20260816	99199	SEMANTIC-SCRAP	LOW	Semantic-explorer artifact - disposable
tmp/project-shittiest-parts-swarm-20260818	98173	SEMANTIC-SCRAP	LOW	Semantic-explorer artifact - disposable
tmp/vision-probe.bmp	96486	SEMANTIC-SCRAP	LOW	Semantic-explorer artifact - disposable
tmp/qa-base-b1	94257	SEMANTIC-SCRAP	LOW	Semantic-explorer artifact - disposable
tmp/qa-base-b2	94180	SEMANTIC-SCRAP	LOW	Semantic-explorer artifact - disposable
tmp/test-failure-legibility	93419	SEMANTIC-SCRAP	LOW	Semantic-explorer artifact - disposable
tmp/qa-flakefix-f2	92594	SEMANTIC-SCRAP	LOW	Semantic-explorer artifact - disposable
tmp/qa-flakefix-f3	92482	SEMANTIC-SCRAP	LOW	Semantic-explorer artifact - disposable
tmp/qa-flakefix-f1	92482	SEMANTIC-SCRAP	LOW	Semantic-explorer artifact - disposable
tmp/qa-w24-flaky1	92426	SEMANTIC-SCRAP	LOW	Semantic-explorer artifact - disposable
tmp/patchB-run1	92426	SEMANTIC-SCRAP	LOW	Semantic-explorer artifact - disposable
tmp/qa-w24-verify	92424	SEMANTIC-SCRAP	LOW	Semantic-explorer artifact - disposable
tmp/logfare-key-probes-20260810	92373	SEMANTIC-SCRAP	LOW	Semantic-explorer artifact - disposable
tmp/qa-w24-plain	92349	SEMANTIC-SCRAP	LOW	Semantic-explorer artifact - disposable
tmp/qa-w24-flaky2	92349	SEMANTIC-SCRAP	LOW	Semantic-explorer artifact - disposable
tmp/patchB-run3	92349	SEMANTIC-SCRAP	LOW	Semantic-explorer artifact - disposable
tmp/patchB-run2	92349	SEMANTIC-SCRAP	LOW	Semantic-explorer artifact - disposable
tmp/swarm-worker-metadata-REPORT.md	90026	SEMANTIC-SCRAP	LOW	Semantic-explorer artifact - disposable
tmp/vitest-run-output.txt	87823	SEMANTIC-SCRAP	LOW	Semantic-explorer artifact - disposable
tmp/semantic-explorer-wave-20260812	76414	SEMANTIC-SCRAP	LOW	Semantic-explorer artifact - disposable
tmp/audit-results.json	70820	SEMANTIC-SCRAP	LOW	Semantic-explorer artifact - disposable
tmp/vision-audit	68090	SEMANTIC-SCRAP	LOW	Semantic-explorer artifact - disposable
tmp/goal-loop-swarm-20260811	64473	SEMANTIC-SCRAP	LOW	Semantic-explorer artifact - disposable
tmp/motion-panel-rich-report.md	64166	SEMANTIC-SCRAP	LOW	Semantic-explorer artifact - disposable
tmp/vision-quality-logfare-wave-20260810	62962	SEMANTIC-SCRAP	LOW	Semantic-explorer artifact - disposable
tmp/delegation-wave-20260808	60996	SEMANTIC-SCRAP	LOW	Semantic-explorer artifact - disposable
tmp/semantic-qa-20260807	59077	SEMANTIC-SCRAP	LOW	Semantic-explorer artifact - disposable
tmp/pi-goal-parity-logfare-swarm-20260810	58113	SEMANTIC-SCRAP	LOW	Semantic-explorer artifact - disposable
tmp/catalog-health-swarm-20260814	56950	SEMANTIC-SCRAP	LOW	Semantic-explorer artifact - disposable
tmp/dead-export-recheck-REPORT.md	56810	SEMANTIC-SCRAP	LOW	Semantic-explorer artifact - disposable
tmp/short-landscape-review-20260812	55271	SEMANTIC-SCRAP	LOW	Semantic-explorer artifact - disposable
tmp/dots-adapter-400-20260817	55208	SEMANTIC-SCRAP	LOW	Semantic-explorer artifact - disposable
tmp/model-health-swarm-20260816	54329	SEMANTIC-SCRAP	LOW	Semantic-explorer artifact - disposable
tmp/semantic-overlay-split-PLAN.md	54238	SEMANTIC-SCRAP	LOW	Semantic-explorer artifact - disposable
tmp/architecture-swarm-20260816	53719	SEMANTIC-SCRAP	LOW	Semantic-explorer artifact - disposable
tmp/swarm-logfare-2026-08-18	52378	SEMANTIC-SCRAP	LOW	Semantic-explorer artifact - disposable
tmp/quality-swarm-20260811	50961	SEMANTIC-SCRAP	LOW	Semantic-explorer artifact - disposable
tmp/micro-surface-interactions-contract	45676	SEMANTIC-SCRAP	LOW	Semantic-explorer artifact - disposable
tmp/all-tests-output.txt	45597	SEMANTIC-SCRAP	LOW	Semantic-explorer artifact - disposable
tmp/core-old.ts	44555	SEMANTIC-SCRAP	LOW	Semantic-explorer artifact - disposable
tmp/renderer-diagnostics-wave-20260807	44246	SEMANTIC-SCRAP	LOW	Semantic-explorer artifact - disposable
tmp/all-css-classes-copy.txt	43090	SEMANTIC-SCRAP	LOW	Semantic-explorer artifact - disposable
tmp/dead-classes-out.txt	43089	SEMANTIC-SCRAP	LOW	Semantic-explorer artifact - disposable
tmp/w39-csssweep	42967	SEMANTIC-SCRAP	LOW	Semantic-explorer artifact - disposable
tmp/focus-overlay-optimization-wave-20260807	42834	SEMANTIC-SCRAP	LOW	Semantic-explorer artifact - disposable
tmp/dots-subagent-probes	42571	SEMANTIC-SCRAP	LOW	Semantic-explorer artifact - disposable
tmp/h1-data.json	41511	SEMANTIC-SCRAP	LOW	Semantic-explorer artifact - disposable
tmp/transformed-url-restore.ts	41340	SEMANTIC-SCRAP	LOW	Semantic-explorer artifact - disposable
tmp/pi-loop-guard-20260811	41198	SEMANTIC-SCRAP	LOW	Semantic-explorer artifact - disposable
tmp/journey-gaps-run2.json	40906	SEMANTIC-SCRAP	LOW	Semantic-explorer artifact - disposable
tmp/renderer-wave-audit-20260807	40490	SEMANTIC-SCRAP	LOW	Semantic-explorer artifact - disposable
tmp/model-health-design-20260816	39581	SEMANTIC-SCRAP	LOW	Semantic-explorer artifact - disposable
tmp/model-source-audit-health.json	39573	SEMANTIC-SCRAP	LOW	Semantic-explorer artifact - disposable
tmp/quality-wave-20260811	38643	SEMANTIC-SCRAP	LOW	Semantic-explorer artifact - disposable
tmp/surface-redundancy-contract	38329	SEMANTIC-SCRAP	LOW	Semantic-explorer artifact - disposable
tmp/worker-scan-result.json	38149	SEMANTIC-SCRAP	LOW	Semantic-explorer artifact - disposable
tmp/logfare-qualification-20260808	36825	SEMANTIC-SCRAP	LOW	Semantic-explorer artifact - disposable
tmp/swarm-2026-08-16	36492	SEMANTIC-SCRAP	LOW	Semantic-explorer artifact - disposable
tmp/kilo-hy3-audit-browser-responsive-20260812	36271	SEMANTIC-SCRAP	LOW	Semantic-explorer artifact - disposable
tmp/logfare-render-wave-20260807	36074	SEMANTIC-SCRAP	LOW	Semantic-explorer artifact - disposable
tmp/css-budget-swarm-20260816	35857	SEMANTIC-SCRAP	LOW	Semantic-explorer artifact - disposable
tmp/engine-mapstate-split-PLAN.md	35776	SEMANTIC-SCRAP	LOW	Semantic-explorer artifact - disposable
tmp/parity-rg-data-attrs.txt	35677	SEMANTIC-SCRAP	LOW	Semantic-explorer artifact - disposable
tmp/layout-forensics-report.md	35606	SEMANTIC-SCRAP	LOW	Semantic-explorer artifact - disposable
tmp/journey-gaps.json	35596	SEMANTIC-SCRAP	LOW	Semantic-explorer artifact - disposable
tmp/static-panel-rich-report.md	35390	SEMANTIC-SCRAP	LOW	Semantic-explorer artifact - disposable
tmp/url-restore-split-PLAN.md	35281	SEMANTIC-SCRAP	LOW	Semantic-explorer artifact - disposable
tmp/open-threads-audit-20260807	35253	SEMANTIC-SCRAP	LOW	Semantic-explorer artifact - disposable
tmp/swarm-W1-dynamic-imports	35008	SEMANTIC-SCRAP	LOW	Semantic-explorer artifact - disposable
tmp/shittiest-state-orchestration-20260812	34958	SEMANTIC-SCRAP	LOW	Semantic-explorer artifact - disposable
tmp/transformed-parity-attrs.svelte.ts	34739	SEMANTIC-SCRAP	LOW	Semantic-explorer artifact - disposable
tmp/w53-jury-report.md	34513	SEMANTIC-SCRAP	LOW	Semantic-explorer artifact - disposable
tmp/worker-sweep-result.json	33522	SEMANTIC-SCRAP	LOW	Semantic-explorer artifact - disposable
tmp/transformed-app.svelte.ts	33146	SEMANTIC-SCRAP	LOW	Semantic-explorer artifact - disposable
tmp/app-svelte-split-PLAN.md	32787	SEMANTIC-SCRAP	LOW	Semantic-explorer artifact - disposable
tmp/3d-batch-d3d11.json	32787	SEMANTIC-SCRAP	LOW	Semantic-explorer artifact - disposable
tmp/swarm-search-orchestration-20260812	32061	SEMANTIC-SCRAP	LOW	Semantic-explorer artifact - disposable
tmp/focus-ui-split-PLAN.md	31951	SEMANTIC-SCRAP	LOW	Semantic-explorer artifact - disposable
tmp/semantic-explorer-ui-wave-20260811-fallback	31851	SEMANTIC-SCRAP	LOW	Semantic-explorer artifact - disposable
tmp/pi-image-compaction-design-20260810	31549	SEMANTIC-SCRAP	LOW	Semantic-explorer artifact - disposable
tmp/qa-labyrinth-REPORT.md	30390	SEMANTIC-SCRAP	LOW	Semantic-explorer artifact - disposable
tmp/journey-gaps-run4.json	30082	SEMANTIC-SCRAP	LOW	Semantic-explorer artifact - disposable
tmp/w53-visual-audit-report.md	29735	SEMANTIC-SCRAP	LOW	Semantic-explorer artifact - disposable
tmp/transformed-data-store.ts	29495	SEMANTIC-SCRAP	LOW	Semantic-explorer artifact - disposable
tmp/swarm-H1-manifest.md	29276	SEMANTIC-SCRAP	LOW	Semantic-explorer artifact - disposable
tmp/harness-skills-trim-REPORT.md	29248	SEMANTIC-SCRAP	LOW	Semantic-explorer artifact - disposable
tmp/thread-provenance-audit	28582	SEMANTIC-SCRAP	LOW	Semantic-explorer artifact - disposable
tmp/demo-consolidation-PLAN.md	28558	SEMANTIC-SCRAP	LOW	Semantic-explorer artifact - disposable
tmp/swarm-132-journey-drafts.spec.js	28441	SEMANTIC-SCRAP	LOW	Semantic-explorer artifact - disposable
tmp/parity-rg-parity-attrs.txt	27684	SEMANTIC-SCRAP	LOW	Semantic-explorer artifact - disposable
tmp/a11y-bugsweep.md	27097	SEMANTIC-SCRAP	LOW	Semantic-explorer artifact - disposable
tmp/visual-qa-20260811-final-desktop-snapshot.md	26745	SEMANTIC-SCRAP	LOW	Semantic-explorer artifact - disposable
tmp/ur-restore-restructure.md	26586	SEMANTIC-SCRAP	LOW	Semantic-explorer artifact - disposable
tmp/docs-refs.txt	26428	SEMANTIC-SCRAP	LOW	Semantic-explorer artifact - disposable
tmp/h3sa-head-fat.ts	26375	SEMANTIC-SCRAP	LOW	Semantic-explorer artifact - disposable
tmp/fat_three_search.ts	26375	SEMANTIC-SCRAP	LOW	Semantic-explorer artifact - disposable
tmp/dots-studio-integration	24989	SEMANTIC-SCRAP	LOW	Semantic-explorer artifact - disposable
tmp/visual-qa-20260811-fixed-desktop-snapshot.md	24578	SEMANTIC-SCRAP	LOW	Semantic-explorer artifact - disposable
tmp/cld80211_fuzz.c	24463	SEMANTIC-SCRAP	LOW	Semantic-explorer artifact - disposable
tmp/engine-lifecycle-bugsweep.md	24413	SEMANTIC-SCRAP	LOW	Semantic-explorer artifact - disposable
tmp/logfare-model-sweep-20260816	24073	SEMANTIC-SCRAP	LOW	Semantic-explorer artifact - disposable
tmp/swarm-W4-engine-hygiene	23972	SEMANTIC-SCRAP	LOW	Semantic-explorer artifact - disposable
tmp/journey-flake-patterns-REPORT.md	23883	SEMANTIC-SCRAP	LOW	Semantic-explorer artifact - disposable
tmp/transformed-state-validation.ts	23871	SEMANTIC-SCRAP	LOW	Semantic-explorer artifact - disposable
tmp/flesh-swarm	23807	SEMANTIC-SCRAP	LOW	Semantic-explorer artifact - disposable
tmp/audit-deployability-signal	23798	SEMANTIC-SCRAP	LOW	Semantic-explorer artifact - disposable
tmp/semantic-state-wave-audit-20260807	23776	SEMANTIC-SCRAP	LOW	Semantic-explorer artifact - disposable
tmp/swarm-audit-fix-judge-20260812-retry	23402	SEMANTIC-SCRAP	LOW	Semantic-explorer artifact - disposable
tmp/pi-autoturn-swarm-20260811	23313	SEMANTIC-SCRAP	LOW	Semantic-explorer artifact - disposable
tmp/swarm-W2-test-sprawl	23194	SEMANTIC-SCRAP	LOW	Semantic-explorer artifact - disposable
tmp/css-budget-decompose-20260816	23160	SEMANTIC-SCRAP	LOW	Semantic-explorer artifact - disposable
tmp/swarm-obs-external-envelope	22863	SEMANTIC-SCRAP	LOW	Semantic-explorer artifact - disposable
tmp/rest-test-output.txt	22837	SEMANTIC-SCRAP	LOW	Semantic-explorer artifact - disposable
tmp/ts-resolve-loader.current.bak.mjs	22764	SEMANTIC-SCRAP	LOW	Semantic-explorer artifact - disposable
tmp/swarm-W3-url-restore-split	22530	SEMANTIC-SCRAP	LOW	Semantic-explorer artifact - disposable
tmp/test-output.txt	22114	SEMANTIC-SCRAP	LOW	Semantic-explorer artifact - disposable
tmp/nav-test-output.txt	22114	SEMANTIC-SCRAP	LOW	Semantic-explorer artifact - disposable
tmp/review-dirty-sweep.md	22110	SEMANTIC-SCRAP	LOW	Semantic-explorer artifact - disposable
tmp/kilo-hy3-state-truth-audit-20260812	21942	SEMANTIC-SCRAP	LOW	Semantic-explorer artifact - disposable
tmp/fullgate-units.log	21852	SEMANTIC-SCRAP	LOW	Semantic-explorer artifact - disposable
tmp/logfare-swarm-20260816	21817	SEMANTIC-SCRAP	LOW	Semantic-explorer artifact - disposable
tmp/urlstate-split-plan.md	21574	SEMANTIC-SCRAP	LOW	Semantic-explorer artifact - disposable
tmp/stores-contract-coverage.md	21523	SEMANTIC-SCRAP	LOW	Semantic-explorer artifact - disposable
tmp/worker-final-state.json	21421	SEMANTIC-SCRAP	LOW	Semantic-explorer artifact - disposable
tmp/audit-inside-2026-08-06.jsonl	21305	SEMANTIC-SCRAP	LOW	Semantic-explorer artifact - disposable
tmp/session-state-2026-08-06.md	21264	SEMANTIC-SCRAP	LOW	Semantic-explorer artifact - disposable
tmp/parity-rg-dataset-writes.txt	21224	SEMANTIC-SCRAP	LOW	Semantic-explorer artifact - disposable
tmp/bugsweep-deepseek-v4-flash-report.md	21212	SEMANTIC-SCRAP	LOW	Semantic-explorer artifact - disposable
tmp/transformed-camera.svelte.ts	20972	SEMANTIC-SCRAP	LOW	Semantic-explorer artifact - disposable
tmp/swarm-h3sa-REPORT.md	20644	SEMANTIC-SCRAP	LOW	Semantic-explorer artifact - disposable
tmp/engine-three-godfiles-REPORT.md	20620	SEMANTIC-SCRAP	LOW	Semantic-explorer artifact - disposable
tmp/contract-categorization-REPORT.md	20548	SEMANTIC-SCRAP	LOW	Semantic-explorer artifact - disposable
tmp/transformed-data-loader.ts	20450	SEMANTIC-SCRAP	LOW	Semantic-explorer artifact - disposable
tmp/transformed-journey.svelte.ts	20307	SEMANTIC-SCRAP	LOW	Semantic-explorer artifact - disposable
tmp/logfare-audit-search-url-races-20260812	20254	SEMANTIC-SCRAP	LOW	Semantic-explorer artifact - disposable
tmp/parity-rg-dataset-dot.txt	20236	SEMANTIC-SCRAP	LOW	Semantic-explorer artifact - disposable
tmp/transformed-navigation-state.svelte.ts	20167	SEMANTIC-SCRAP	LOW	Semantic-explorer artifact - disposable
tmp/subagent-god-component-report.md	19565	SEMANTIC-SCRAP	LOW	Semantic-explorer artifact - disposable
tmp/css-budget-next-20260816	19236	SEMANTIC-SCRAP	LOW	Semantic-explorer artifact - disposable
tmp/subagent-perf-audit-report.md	19215	SEMANTIC-SCRAP	LOW	Semantic-explorer artifact - disposable
tmp/audit-raw.json	19131	SEMANTIC-SCRAP	LOW	Semantic-explorer artifact - disposable
tmp/delegation-20260815-kiro-state-url.md	19099	SEMANTIC-SCRAP	LOW	Semantic-explorer artifact - disposable
tmp/qa-journey-full-20260813-final.log	18903	SEMANTIC-SCRAP	LOW	Semantic-explorer artifact - disposable
tmp/delegation-20260815-minimax-test-release.md	18883	SEMANTIC-SCRAP	LOW	Semantic-explorer artifact - disposable
tmp/transformed-aria-sync-contract.mjs	18810	SEMANTIC-SCRAP	LOW	Semantic-explorer artifact - disposable
tmp/contract-staleness-REPORT.md	18672	SEMANTIC-SCRAP	LOW	Semantic-explorer artifact - disposable
tmp/kilo-hy3-responsive-a11y-audit-20260812	18549	SEMANTIC-SCRAP	LOW	Semantic-explorer artifact - disposable
tmp/three-star-split-PLAN.md	18035	SEMANTIC-SCRAP	LOW	Semantic-explorer artifact - disposable
tmp/kilo-hy3-parity-lockstep-audit-20260812	17900	SEMANTIC-SCRAP	LOW	Semantic-explorer artifact - disposable
tmp/kilo-hy3-data-race-audit-20260812	17761	SEMANTIC-SCRAP	LOW	Semantic-explorer artifact - disposable
tmp/parity-claims-verified-REPORT.md	17623	SEMANTIC-SCRAP	LOW	Semantic-explorer artifact - disposable
tmp/kilo-hy3-performance-hotpath-audit-20260812	17614	SEMANTIC-SCRAP	LOW	Semantic-explorer artifact - disposable
tmp/qa-journey-full-20260813.log	17516	SEMANTIC-SCRAP	LOW	Semantic-explorer artifact - disposable
tmp/review-url-restore-plan.md	17380	SEMANTIC-SCRAP	LOW	Semantic-explorer artifact - disposable
tmp/app-init-result.txt	17356	SEMANTIC-SCRAP	LOW	Semantic-explorer artifact - disposable
tmp/swarm-W3-suspects.log	17262	SEMANTIC-SCRAP	LOW	Semantic-explorer artifact - disposable
tmp/search-input-escape-cancel-test-results	17215	SEMANTIC-SCRAP	LOW	Semantic-explorer artifact - disposable
tmp/roster-live-REPORT.md	17194	SEMANTIC-SCRAP	LOW	Semantic-explorer artifact - disposable
tmp/h1-table.md	17164	SEMANTIC-SCRAP	LOW	Semantic-explorer artifact - disposable
tmp/project-quality-wave-20260810	17046	SEMANTIC-SCRAP	LOW	Semantic-explorer artifact - disposable
tmp/state-hydration-legacy-mirror-20260816	16947	SEMANTIC-SCRAP	LOW	Semantic-explorer artifact - disposable
tmp/review-lane-wip-REPORT.md	16894	SEMANTIC-SCRAP	LOW	Semantic-explorer artifact - disposable
tmp/map-state-sweep-raw.json	16794	SEMANTIC-SCRAP	LOW	Semantic-explorer artifact - disposable
tmp/subagent-scene-perf-report.md	16772	SEMANTIC-SCRAP	LOW	Semantic-explorer artifact - disposable
tmp/semantic-explorer-next-pass-20260809	16629	SEMANTIC-SCRAP	LOW	Semantic-explorer artifact - disposable
tmp/data-pipeline-bugsweep.md	16467	SEMANTIC-SCRAP	LOW	Semantic-explorer artifact - disposable
tmp/pi-live-telemetry-20260809	16300	SEMANTIC-SCRAP	LOW	Semantic-explorer artifact - disposable
tmp/audit-contract-stale.md	16204	SEMANTIC-SCRAP	LOW	Semantic-explorer artifact - disposable
tmp/dom-hygiene-REPORT.md	16184	SEMANTIC-SCRAP	LOW	Semantic-explorer artifact - disposable
tmp/short-landscape-parity-review.md	16043	SEMANTIC-SCRAP	LOW	Semantic-explorer artifact - disposable
tmp/kilo-hy3-ci-gate-audit-20260812	15951	SEMANTIC-SCRAP	LOW	Semantic-explorer artifact - disposable
tmp/kilo-hy3-engine-lifecycle-audit-20260812	15829	SEMANTIC-SCRAP	LOW	Semantic-explorer artifact - disposable
tmp/goal-design-mainlane-REPORT.md	15774	SEMANTIC-SCRAP	LOW	Semantic-explorer artifact - disposable
tmp/wave6b-p2-hardening-REPORT.md	15740	SEMANTIC-SCRAP	LOW	Semantic-explorer artifact - disposable
tmp/journey-transition-audit-20260807	15539	SEMANTIC-SCRAP	LOW	Semantic-explorer artifact - disposable
tmp/logfare-smoke-20260812	15516	SEMANTIC-SCRAP	LOW	Semantic-explorer artifact - disposable
tmp/data-depth-audit	15513	SEMANTIC-SCRAP	LOW	Semantic-explorer artifact - disposable
tmp/demo-poller-20260811	15496	SEMANTIC-SCRAP	LOW	Semantic-explorer artifact - disposable
tmp/transformed-camera-controls-core.svelte.ts	15454	SEMANTIC-SCRAP	LOW	Semantic-explorer artifact - disposable
tmp/subagent-legacy-cruft-report.md	15438	SEMANTIC-SCRAP	LOW	Semantic-explorer artifact - disposable
tmp/transformed-filter.svelte.ts	15388	SEMANTIC-SCRAP	LOW	Semantic-explorer artifact - disposable
tmp/subagent-engine-teardown-report.md	15290	SEMANTIC-SCRAP	LOW	Semantic-explorer artifact - disposable
tmp/router-forensics-zen2-REPORT.md	15279	SEMANTIC-SCRAP	LOW	Semantic-explorer artifact - disposable
tmp/phone-swarm-docdrift-REPORT-2026-08-13.md	15204	SEMANTIC-SCRAP	LOW	Semantic-explorer artifact - disposable
tmp/swarm-dead-imports	15164	SEMANTIC-SCRAP	LOW	Semantic-explorer artifact - disposable
tmp/subagent-test-sprawl-report.md	14919	SEMANTIC-SCRAP	LOW	Semantic-explorer artifact - disposable
tmp/s4-enrichment-dry-run	14887	SEMANTIC-SCRAP	LOW	Semantic-explorer artifact - disposable
tmp/probe-hub.mjs	14842	SEMANTIC-SCRAP	LOW	Semantic-explorer artifact - disposable
tmp/svelte-check-contracts.txt	14814	SEMANTIC-SCRAP	LOW	Semantic-explorer artifact - disposable
tmp/rf-provenance-sweep-20260814.py	14692	SEMANTIC-SCRAP	LOW	Semantic-explorer artifact - disposable
tmp/security-swarm-replacement-triage.md	14494	SEMANTIC-SCRAP	LOW	Semantic-explorer artifact - disposable
tmp/data-layer-audit-REPORT.md	14444	SEMANTIC-SCRAP	LOW	Semantic-explorer artifact - disposable
tmp/swarm-component-css	14420	SEMANTIC-SCRAP	LOW	Semantic-explorer artifact - disposable
tmp/w54-visual-audit-report.md	14303	SEMANTIC-SCRAP	LOW	Semantic-explorer artifact - disposable
tmp/probe	14245	SEMANTIC-SCRAP	LOW	Semantic-explorer artifact - disposable
tmp/subagent-url-parity-report.md	14133	SEMANTIC-SCRAP	LOW	Semantic-explorer artifact - disposable
tmp/wave6a-p1-hardening-REPORT.md	14026	SEMANTIC-SCRAP	LOW	Semantic-explorer artifact - disposable
tmp/transformed-cluster-filter-controller.ts	13868	SEMANTIC-SCRAP	LOW	Semantic-explorer artifact - disposable
tmp/single-writer-unit-regressions-20260807	13852	SEMANTIC-SCRAP	LOW	Semantic-explorer artifact - disposable
tmp/landmine-verify-REPORT.md	13788	SEMANTIC-SCRAP	LOW	Semantic-explorer artifact - disposable
tmp/wave7a-p3-hardening-REPORT.md	13787	SEMANTIC-SCRAP	LOW	Semantic-explorer artifact - disposable
tmp/probe-inside-audit.mjs	13763	SEMANTIC-SCRAP	LOW	Semantic-explorer artifact - disposable
tmp/cld80211_binary_analysis.md	13739	SEMANTIC-SCRAP	LOW	Semantic-explorer artifact - disposable
tmp/transformed-lifecycle.ts	13288	SEMANTIC-SCRAP	LOW	Semantic-explorer artifact - disposable
tmp/inv-p1f-legacyState-report.md	13285	SEMANTIC-SCRAP	LOW	Semantic-explorer artifact - disposable
tmp/drift-prone-hardening-REPORT.md	13251	SEMANTIC-SCRAP	LOW	Semantic-explorer artifact - disposable
tmp/worker-a-sharding-report.md	13162	SEMANTIC-SCRAP	LOW	Semantic-explorer artifact - disposable
tmp/edge-tests-20260816	13155	SEMANTIC-SCRAP	LOW	Semantic-explorer artifact - disposable
tmp/journey-gaps-run3.json	13104	SEMANTIC-SCRAP	LOW	Semantic-explorer artifact - disposable
tmp/kilo-hy3-audit-engine-lifecycle-20260812	13096	SEMANTIC-SCRAP	LOW	Semantic-explorer artifact - disposable
tmp/unit-engine-WIP.log	13079	SEMANTIC-SCRAP	LOW	Semantic-explorer artifact - disposable
tmp/review-map-fix-report.md	13011	SEMANTIC-SCRAP	LOW	Semantic-explorer artifact - disposable
tmp/audit-dive-probe.mjs	13008	SEMANTIC-SCRAP	LOW	Semantic-explorer artifact - disposable
tmp/focusui-audit-REPORT.md	12997	SEMANTIC-SCRAP	LOW	Semantic-explorer artifact - disposable
tmp/rf_cld_probe.py	12975	SEMANTIC-SCRAP	LOW	Semantic-explorer artifact - disposable
tmp/swarm-ownership-checkpoint-20260812	12924	SEMANTIC-SCRAP	LOW	Semantic-explorer artifact - disposable
tmp/mobile-search-parity-review.md	12909	SEMANTIC-SCRAP	LOW	Semantic-explorer artifact - disposable
tmp/landmine-sweep-REPORT.md	12887	SEMANTIC-SCRAP	LOW	Semantic-explorer artifact - disposable
tmp/deferred-mcp-adversarial-review.md	12766	SEMANTIC-SCRAP	LOW	Semantic-explorer artifact - disposable
tmp/swarm-build-optimization	12674	SEMANTIC-SCRAP	LOW	Semantic-explorer artifact - disposable
tmp/visual-gate-full.log	12631	SEMANTIC-SCRAP	LOW	Semantic-explorer artifact - disposable
tmp/w57-model-benchmark-report.md	12617	SEMANTIC-SCRAP	LOW	Semantic-explorer artifact - disposable
tmp/rf-custom-driver-20260814.patch	12587	SEMANTIC-SCRAP	LOW	Semantic-explorer artifact - disposable
tmp/shittiest-test-architecture-20260812	12555	SEMANTIC-SCRAP	LOW	Semantic-explorer artifact - disposable
tmp/parity-chain-audit-REPORT.md	12370	SEMANTIC-SCRAP	LOW	Semantic-explorer artifact - disposable
tmp/build-gate-copy-commit.log	12369	SEMANTIC-SCRAP	LOW	Semantic-explorer artifact - disposable
tmp/rf-custom-driver-plan-20260814.md	12357	SEMANTIC-SCRAP	LOW	Semantic-explorer artifact - disposable
tmp/swarm-W3-build.log	12346	SEMANTIC-SCRAP	LOW	Semantic-explorer artifact - disposable
tmp/swarm-W1-build.log	12346	SEMANTIC-SCRAP	LOW	Semantic-explorer artifact - disposable
tmp/transformed-viewport.svelte.ts	12243	SEMANTIC-SCRAP	LOW	Semantic-explorer artifact - disposable
tmp/scouter-source-report.md	12152	SEMANTIC-SCRAP	LOW	Semantic-explorer artifact - disposable
tmp/swarm-r4-carve-review2-REPORT.md	12054	SEMANTIC-SCRAP	LOW	Semantic-explorer artifact - disposable
tmp/legacy-top.txt	12034	SEMANTIC-SCRAP	LOW	Semantic-explorer artifact - disposable
tmp/diskusage-legacy.txt	12034	SEMANTIC-SCRAP	LOW	Semantic-explorer artifact - disposable
tmp/wave4a-contract-hardening-REPORT.md	11973	SEMANTIC-SCRAP	LOW	Semantic-explorer artifact - disposable
tmp/build-report.mjs	11955	SEMANTIC-SCRAP	LOW	Semantic-explorer artifact - disposable
tmp/app-svelte-test-refs.txt	11947	SEMANTIC-SCRAP	LOW	Semantic-explorer artifact - disposable
tmp/prod-surface-audit	11942	SEMANTIC-SCRAP	LOW	Semantic-explorer artifact - disposable
tmp/bugsweep-2.2-report.md	11940	SEMANTIC-SCRAP	LOW	Semantic-explorer artifact - disposable
tmp/lint-swarm-review-report.md	11930	SEMANTIC-SCRAP	LOW	Semantic-explorer artifact - disposable
tmp/search-adversarial-run.json	11891	SEMANTIC-SCRAP	LOW	Semantic-explorer artifact - disposable
tmp/journey-bank-report.md	11883	SEMANTIC-SCRAP	LOW	Semantic-explorer artifact - disposable
tmp/app-svelte-imports.txt	11820	SEMANTIC-SCRAP	LOW	Semantic-explorer artifact - disposable
tmp/skill-curation-report.md	11809	SEMANTIC-SCRAP	LOW	Semantic-explorer artifact - disposable
tmp/semantic-ui-audit-mobile-panel-rules.json	11785	SEMANTIC-SCRAP	LOW	Semantic-explorer artifact - disposable
tmp/security-swarm-replacement-origin.md	11760	SEMANTIC-SCRAP	LOW	Semantic-explorer artifact - disposable
tmp/contract-fixes-REPORT.md	11754	SEMANTIC-SCRAP	LOW	Semantic-explorer artifact - disposable
tmp/vision-bugsweep-report-2.md	11743	SEMANTIC-SCRAP	LOW	Semantic-explorer artifact - disposable
tmp/transformed-camera-controls-restore.svelte.ts	11641	SEMANTIC-SCRAP	LOW	Semantic-explorer artifact - disposable
tmp/adapter-archipelago-REPORT.md	11595	SEMANTIC-SCRAP	LOW	Semantic-explorer artifact - disposable
tmp/landmine-fix2-REPORT.md	11543	SEMANTIC-SCRAP	LOW	Semantic-explorer artifact - disposable
tmp/swarm-test-sprawl	11535	SEMANTIC-SCRAP	LOW	Semantic-explorer artifact - disposable
tmp/android-ui-harness-audit-REPORT.md	11471	SEMANTIC-SCRAP	LOW	Semantic-explorer artifact - disposable
tmp/audit-contracts.mjs	11447	SEMANTIC-SCRAP	LOW	Semantic-explorer artifact - disposable
tmp/batch-contract-results.json	11431	SEMANTIC-SCRAP	LOW	Semantic-explorer artifact - disposable
tmp/ia1-REPORT.md	11419	SEMANTIC-SCRAP	LOW	Semantic-explorer artifact - disposable
tmp/session-closeout-2026-08-11.md	11393	SEMANTIC-SCRAP	LOW	Semantic-explorer artifact - disposable
tmp/visual-qa-20260811-fixed-mobile-landscape-snapshot.md	11323	SEMANTIC-SCRAP	LOW	Semantic-explorer artifact - disposable
tmp/h1-head.md	11289	SEMANTIC-SCRAP	LOW	Semantic-explorer artifact - disposable
tmp/parallel-session-drift-report.md	11283	SEMANTIC-SCRAP	LOW	Semantic-explorer artifact - disposable
tmp/baseline-sync-report.md	11250	SEMANTIC-SCRAP	LOW	Semantic-explorer artifact - disposable
tmp/ui-vision-report.md	11236	SEMANTIC-SCRAP	LOW	Semantic-explorer artifact - disposable
tmp/focus-ui-split-NOTES.md	11204	SEMANTIC-SCRAP	LOW	Semantic-explorer artifact - disposable
tmp/pi-launch-latency-diagnosis.md	11189	SEMANTIC-SCRAP	LOW	Semantic-explorer artifact - disposable
tmp/nvidia-glm52-bugsweep-report.md	11187	SEMANTIC-SCRAP	LOW	Semantic-explorer artifact - disposable
tmp/journey-mode-bugsweep.md	11183	SEMANTIC-SCRAP	LOW	Semantic-explorer artifact - disposable
tmp/inv-renderloop-sync-audit-report.md	11175	SEMANTIC-SCRAP	LOW	Semantic-explorer artifact - disposable
tmp/parity-rg-body-data-selectors.txt	11150	SEMANTIC-SCRAP	LOW	Semantic-explorer artifact - disposable
tmp/model-health-ledger-impl-20260816	11148	SEMANTIC-SCRAP	LOW	Semantic-explorer artifact - disposable
tmp/rf-provenance-gate-20260814.py	11074	SEMANTIC-SCRAP	LOW	Semantic-explorer artifact - disposable
tmp/visual-qa-20260811-final-mobile-landscape-snapshot.md	10995	SEMANTIC-SCRAP	LOW	Semantic-explorer artifact - disposable
tmp/surface-out.txt	10899	SEMANTIC-SCRAP	LOW	Semantic-explorer artifact - disposable
tmp/rebuild.log	10791	SEMANTIC-SCRAP	LOW	Semantic-explorer artifact - disposable
tmp/test-suite2.json	10788	SEMANTIC-SCRAP	LOW	Semantic-explorer artifact - disposable
tmp/subagent-visual-audit-report.md	10772	SEMANTIC-SCRAP	LOW	Semantic-explorer artifact - disposable
tmp/unstaged-wave-review-20260807	10734	SEMANTIC-SCRAP	LOW	Semantic-explorer artifact - disposable
tmp/kraken-prompt-threat-assessment.md	10715	SEMANTIC-SCRAP	LOW	Semantic-explorer artifact - disposable
tmp/verify-engine.log	10705	SEMANTIC-SCRAP	LOW	Semantic-explorer artifact - disposable
tmp/compress-lane-inventory.mjs	10698	SEMANTIC-SCRAP	LOW	Semantic-explorer artifact - disposable
tmp/h3sa-vitest.log	10697	SEMANTIC-SCRAP	LOW	Semantic-explorer artifact - disposable
tmp/h3sa-vitest-final.log	10695	SEMANTIC-SCRAP	LOW	Semantic-explorer artifact - disposable
tmp/engine-hover-FORENSICS-REPORT.md	10643	SEMANTIC-SCRAP	LOW	Semantic-explorer artifact - disposable
tmp/diag-probes	10584	SEMANTIC-SCRAP	LOW	Semantic-explorer artifact - disposable
tmp/review-bigfile-coverage.md	10578	SEMANTIC-SCRAP	LOW	Semantic-explorer artifact - disposable
tmp/baseline-smoke.log	10524	SEMANTIC-SCRAP	LOW	Semantic-explorer artifact - disposable
tmp/build.log	10452	SEMANTIC-SCRAP	LOW	Semantic-explorer artifact - disposable
tmp/phone-root-swarm-rf-feasibility.md	10415	SEMANTIC-SCRAP	LOW	Semantic-explorer artifact - disposable
tmp/normalize-carve.txt	10367	SEMANTIC-SCRAP	LOW	Semantic-explorer artifact - disposable
tmp/du-profile-top.txt	10344	SEMANTIC-SCRAP	LOW	Semantic-explorer artifact - disposable
tmp/parity-rg-parity-css.txt	10261	SEMANTIC-SCRAP	LOW	Semantic-explorer artifact - disposable
tmp/swarm-jd-B.md	10248	SEMANTIC-SCRAP	LOW	Semantic-explorer artifact - disposable
tmp/swarm-W2-phase34-css-motion	10194	SEMANTIC-SCRAP	LOW	Semantic-explorer artifact - disposable
tmp/smoke-fixed.log	10086	SEMANTIC-SCRAP	LOW	Semantic-explorer artifact - disposable
tmp/swarm-map-state-cleanup-verifier-20260812	10071	SEMANTIC-SCRAP	LOW	Semantic-explorer artifact - disposable
tmp/parity-strip-ready-REPORT.md	10056	SEMANTIC-SCRAP	LOW	Semantic-explorer artifact - disposable
tmp/swarm-L3-journey.md	10050	SEMANTIC-SCRAP	LOW	Semantic-explorer artifact - disposable
tmp/swarm-L3-gap.md	10050	SEMANTIC-SCRAP	LOW	Semantic-explorer artifact - disposable
tmp/wave7b-p3-timers-REPORT.md	9977	SEMANTIC-SCRAP	LOW	Semantic-explorer artifact - disposable
tmp/nvidia-glm52-phase0-report.md	9946	SEMANTIC-SCRAP	LOW	Semantic-explorer artifact - disposable
tmp/thread-manager-split-PLAN.md	9910	SEMANTIC-SCRAP	LOW	Semantic-explorer artifact - disposable
tmp/deployability-audit	9815	SEMANTIC-SCRAP	LOW	Semantic-explorer artifact - disposable
tmp/adapter-audit.mjs	9793	SEMANTIC-SCRAP	LOW	Semantic-explorer artifact - disposable
tmp/urlstate-review-REPORT.md	9765	SEMANTIC-SCRAP	LOW	Semantic-explorer artifact - disposable
tmp/team-r4-overlay-freeze-audit-report.md	9688	SEMANTIC-SCRAP	LOW	Semantic-explorer artifact - disposable
tmp/bsA-threads-REPORT.md	9605	SEMANTIC-SCRAP	LOW	Semantic-explorer artifact - disposable
tmp/swarm-css-modegrid	9582	SEMANTIC-SCRAP	LOW	Semantic-explorer artifact - disposable
tmp/search-filter-bugsweep.md	9568	SEMANTIC-SCRAP	LOW	Semantic-explorer artifact - disposable
tmp/subagent-dual-demo-report.md	9552	SEMANTIC-SCRAP	LOW	Semantic-explorer artifact - disposable
tmp/ia1-vitest-three.log	9549	SEMANTIC-SCRAP	LOW	Semantic-explorer artifact - disposable
tmp/rf-provenance-sweep-report-20260814.json	9538	SEMANTIC-SCRAP	LOW	Semantic-explorer artifact - disposable
tmp/zydit-nvidia-health-report-2026-07-23.md	9527	SEMANTIC-SCRAP	LOW	Semantic-explorer artifact - disposable
tmp/data-store-seam-brief.md	9461	SEMANTIC-SCRAP	LOW	Semantic-explorer artifact - disposable
tmp/final-adversarial.mjs	9431	SEMANTIC-SCRAP	LOW	Semantic-explorer artifact - disposable
tmp/scouter-test-report.md	9335	SEMANTIC-SCRAP	LOW	Semantic-explorer artifact - disposable
tmp/adapter-fold-REPORT.md	9333	SEMANTIC-SCRAP	LOW	Semantic-explorer artifact - disposable
tmp/ts-resolve-loader.prev.mjs	9318	SEMANTIC-SCRAP	LOW	Semantic-explorer artifact - disposable
tmp/worker-config-fixer-report.md	9290	SEMANTIC-SCRAP	LOW	Semantic-explorer artifact - disposable
tmp/worker-c-triage-report.md	9287	SEMANTIC-SCRAP	LOW	Semantic-explorer artifact - disposable
tmp/mcp-tool-fix-report-hy3.md	9279	SEMANTIC-SCRAP	LOW	Semantic-explorer artifact - disposable
tmp/timer-remediation-review-report.md	9278	SEMANTIC-SCRAP	LOW	Semantic-explorer artifact - disposable
tmp/three-star-verified-REPORT.md	9183	SEMANTIC-SCRAP	LOW	Semantic-explorer artifact - disposable
tmp/timer-remediation-audit-report.md	9152	SEMANTIC-SCRAP	LOW	Semantic-explorer artifact - disposable
tmp/rf-oem-abi-static-review.md	9142	SEMANTIC-SCRAP	LOW	Semantic-explorer artifact - disposable
tmp/contract-suite-report.md	9114	SEMANTIC-SCRAP	LOW	Semantic-explorer artifact - disposable
tmp/swarm-docs-drift-REPORT.md	9056	SEMANTIC-SCRAP	LOW	Semantic-explorer artifact - disposable
tmp/logfare-wave-kiro-auto.md	9028	SEMANTIC-SCRAP	LOW	Semantic-explorer artifact - disposable
tmp/lint-WIP.log	8942	SEMANTIC-SCRAP	LOW	Semantic-explorer artifact - disposable
tmp/kilo-hy3-3d-admission-repair-20260812	8837	SEMANTIC-SCRAP	LOW	Semantic-explorer artifact - disposable
tmp/lifecycle-split-PLAN.md	8825	SEMANTIC-SCRAP	LOW	Semantic-explorer artifact - disposable
tmp/swarm-engine-restore-lifecycle-20260812	8800	SEMANTIC-SCRAP	LOW	Semantic-explorer artifact - disposable
tmp/journey-get-audit.md	8791	SEMANTIC-SCRAP	LOW	Semantic-explorer artifact - disposable
tmp/w53-fixes-jury-report.md	8787	SEMANTIC-SCRAP	LOW	Semantic-explorer artifact - disposable
tmp/inv-errorstate-seam-report.md	8666	SEMANTIC-SCRAP	LOW	Semantic-explorer artifact - disposable
tmp/kilo-hy3-implement-engine-restore-teardown-20260812	8658	SEMANTIC-SCRAP	LOW	Semantic-explorer artifact - disposable
tmp/rf-engineering-firmware-research.md	8628	SEMANTIC-SCRAP	LOW	Semantic-explorer artifact - disposable
tmp/swarm-r5-android-verify-REPORT.md	8620	SEMANTIC-SCRAP	LOW	Semantic-explorer artifact - disposable
tmp/w58-mimo-engine-report.md	8471	SEMANTIC-SCRAP	LOW	Semantic-explorer artifact - disposable
tmp/swarm-map-state-boundary-20260812	8459	SEMANTIC-SCRAP	LOW	Semantic-explorer artifact - disposable
tmp/transformed-index.svelte.ts	8402	SEMANTIC-SCRAP	LOW	Semantic-explorer artifact - disposable
tmp/compress-daily-logs.mjs	8392	SEMANTIC-SCRAP	LOW	Semantic-explorer artifact - disposable
tmp/h3sa-diff-src-vs-corridor.txt	8382	SEMANTIC-SCRAP	LOW	Semantic-explorer artifact - disposable
tmp/journey-gaps-stdout.log	8305	SEMANTIC-SCRAP	LOW	Semantic-explorer artifact - disposable
tmp/delegation-wave-20260810	8304	SEMANTIC-SCRAP	LOW	Semantic-explorer artifact - disposable
tmp/pi-background-jobs-20260809	8234	SEMANTIC-SCRAP	LOW	Semantic-explorer artifact - disposable
tmp/logfare-router-investigation.md	8204	SEMANTIC-SCRAP	LOW	Semantic-explorer artifact - disposable
tmp/w58-zydit-v1-audit-report.md	8133	SEMANTIC-SCRAP	LOW	Semantic-explorer artifact - disposable
tmp/probe-chain.log	8043	SEMANTIC-SCRAP	LOW	Semantic-explorer artifact - disposable
tmp/swarm-map-state-parity-20260812	8006	SEMANTIC-SCRAP	LOW	Semantic-explorer artifact - disposable
tmp/parity-unique-data-attrs.txt	8006	SEMANTIC-SCRAP	LOW	Semantic-explorer artifact - disposable
tmp/swarm-sweep-tmp-REPORT.md	7982	SEMANTIC-SCRAP	LOW	Semantic-explorer artifact - disposable
tmp/entry-point-cleanup	7962	SEMANTIC-SCRAP	LOW	Semantic-explorer artifact - disposable
tmp/url-restore-camera-race-20260816	7917	SEMANTIC-SCRAP	LOW	Semantic-explorer artifact - disposable
tmp/w58-codestral-22b-orchestration-report.md	7889	SEMANTIC-SCRAP	LOW	Semantic-explorer artifact - disposable
tmp/nvidia-subagent-wedge-report.md	7873	SEMANTIC-SCRAP	LOW	Semantic-explorer artifact - disposable
tmp/android-phone-cdp-playtest.mjs	7837	SEMANTIC-SCRAP	LOW	Semantic-explorer artifact - disposable
tmp/twins-contract-coverage.md	7785	SEMANTIC-SCRAP	LOW	Semantic-explorer artifact - disposable
tmp/pi-goal-parity-swarm-20260810	7784	SEMANTIC-SCRAP	LOW	Semantic-explorer artifact - disposable
tmp/goal-loop-live-REPORT.md	7780	SEMANTIC-SCRAP	LOW	Semantic-explorer artifact - disposable
tmp/wedge-bisect-report.md	7745	SEMANTIC-SCRAP	LOW	Semantic-explorer artifact - disposable
tmp/bugsweep-kimi-k2.7-code-report.md	7700	SEMANTIC-SCRAP	LOW	Semantic-explorer artifact - disposable
tmp/semantic-ui-audit-desktop-ready.md	7694	SEMANTIC-SCRAP	LOW	Semantic-explorer artifact - disposable
tmp/picker-capability-metadata-logfare-review	7693	SEMANTIC-SCRAP	LOW	Semantic-explorer artifact - disposable
tmp/unit-test-fixes-cbc770bb-REPORT.md	7662	SEMANTIC-SCRAP	LOW	Semantic-explorer artifact - disposable
tmp/vision-audit-mediumlow-report.md	7653	SEMANTIC-SCRAP	LOW	Semantic-explorer artifact - disposable
tmp/logfare-reasoning-config-report.md	7585	SEMANTIC-SCRAP	LOW	Semantic-explorer artifact - disposable
tmp/loader-bank-REPORT.md	7578	SEMANTIC-SCRAP	LOW	Semantic-explorer artifact - disposable
tmp/swarm-seam-verifier-20260812	7572	SEMANTIC-SCRAP	LOW	Semantic-explorer artifact - disposable
tmp/cline-step-direct-20260812.jsonl	7557	SEMANTIC-SCRAP	LOW	Semantic-explorer artifact - disposable
tmp/catalog-authority-review-kilo	7501	SEMANTIC-SCRAP	LOW	Semantic-explorer artifact - disposable
tmp/skills-frontmatter-REPORT.md	7494	SEMANTIC-SCRAP	LOW	Semantic-explorer artifact - disposable
tmp/subagent-wsm-audit-report.md	7425	SEMANTIC-SCRAP	LOW	Semantic-explorer artifact - disposable
tmp/scouter-visual-agnes-report.md	7341	SEMANTIC-SCRAP	LOW	Semantic-explorer artifact - disposable
tmp/url-export-audit-a-REPORT.md	7333	SEMANTIC-SCRAP	LOW	Semantic-explorer artifact - disposable
tmp/lint-swarm-orchestration-report.md	7279	SEMANTIC-SCRAP	LOW	Semantic-explorer artifact - disposable
tmp/curve-equiv-probe.mjs	7227	SEMANTIC-SCRAP	LOW	Semantic-explorer artifact - disposable
tmp/data-store-review-report.md	7194	SEMANTIC-SCRAP	LOW	Semantic-explorer artifact - disposable
tmp/sweep-engine-adjacent-REPORT.md	7185	SEMANTIC-SCRAP	LOW	Semantic-explorer artifact - disposable
tmp/wave4b-journey-lowtier-REPORT.md	7117	SEMANTIC-SCRAP	LOW	Semantic-explorer artifact - disposable
tmp/apply-journey-fixes.cjs	7102	SEMANTIC-SCRAP	LOW	Semantic-explorer artifact - disposable
tmp/store-migration-audit.md	7059	SEMANTIC-SCRAP	LOW	Semantic-explorer artifact - disposable
tmp/wave5a-named-drift-prone-REPORT.md	7042	SEMANTIC-SCRAP	LOW	Semantic-explorer artifact - disposable
tmp/journey-contract-coverage.md	7031	SEMANTIC-SCRAP	LOW	Semantic-explorer artifact - disposable
tmp/gate-delta-final-REPORT.md	7027	SEMANTIC-SCRAP	LOW	Semantic-explorer artifact - disposable
tmp/transformed-disposable-registry.ts	7026	SEMANTIC-SCRAP	LOW	Semantic-explorer artifact - disposable
tmp/v2-integration-report.md	7022	SEMANTIC-SCRAP	LOW	Semantic-explorer artifact - disposable
tmp/semantic-ui-audit-mobile-geometry.json	7021	SEMANTIC-SCRAP	LOW	Semantic-explorer artifact - disposable
tmp/header-mode-nav-audit.md	6971	SEMANTIC-SCRAP	LOW	Semantic-explorer artifact - disposable
tmp/tmp-sweep-candidates.md	6945	SEMANTIC-SCRAP	LOW	Semantic-explorer artifact - disposable
tmp/rf_nl_probe.py	6944	SEMANTIC-SCRAP	LOW	Semantic-explorer artifact - disposable
tmp/swarm-wave-ledger.md	6943	SEMANTIC-SCRAP	LOW	Semantic-explorer artifact - disposable
tmp/audit-dive-2026-08-06.jsonl	6915	SEMANTIC-SCRAP	LOW	Semantic-explorer artifact - disposable
tmp/rf_cld_adc_adapter.py	6904	SEMANTIC-SCRAP	LOW	Semantic-explorer artifact - disposable
tmp/audit-dive-REPORT-WB.md	6901	SEMANTIC-SCRAP	LOW	Semantic-explorer artifact - disposable
tmp/build-warning-resolution	6861	SEMANTIC-SCRAP	LOW	Semantic-explorer artifact - disposable
tmp/url-family-audit-REPORT.md	6845	SEMANTIC-SCRAP	LOW	Semantic-explorer artifact - disposable
tmp/.htaccess.bak	6829	SEMANTIC-SCRAP	LOW	Semantic-explorer artifact - disposable
tmp/shittiest-ui-journey-20260812	6792	SEMANTIC-SCRAP	LOW	Semantic-explorer artifact - disposable
tmp/visual-qa-report-2026-07-15.md	6767	SEMANTIC-SCRAP	LOW	Semantic-explorer artifact - disposable
tmp/audit-final.mjs	6759	SEMANTIC-SCRAP	LOW	Semantic-explorer artifact - disposable
tmp/lint-swarm-timers-report.md	6748	SEMANTIC-SCRAP	LOW	Semantic-explorer artifact - disposable
tmp/sa2-REPORT.md	6672	SEMANTIC-SCRAP	LOW	Semantic-explorer artifact - disposable
tmp/sweep-journey2-REPORT.md	6637	SEMANTIC-SCRAP	LOW	Semantic-explorer artifact - disposable
tmp/vision-bugsweep-report.md	6616	SEMANTIC-SCRAP	LOW	Semantic-explorer artifact - disposable
tmp/visual-bugsweep-2026-08-09.md	6586	SEMANTIC-SCRAP	LOW	Semantic-explorer artifact - disposable
tmp/jd-diff.txt	6567	SEMANTIC-SCRAP	LOW	Semantic-explorer artifact - disposable
tmp/sweep-search-deep-REPORT.md	6565	SEMANTIC-SCRAP	LOW	Semantic-explorer artifact - disposable
tmp/journey-gaps-v2.log	6561	SEMANTIC-SCRAP	LOW	Semantic-explorer artifact - disposable
tmp/hexagon-census.py	6525	SEMANTIC-SCRAP	LOW	Semantic-explorer artifact - disposable
tmp/semantic-ui-audit-desktop-snapshot-after-load.md	6516	SEMANTIC-SCRAP	LOW	Semantic-explorer artifact - disposable
tmp/obs-live-delivery	6512	SEMANTIC-SCRAP	LOW	Semantic-explorer artifact - disposable
tmp/subagent-fpocket-test-report.md	6490	SEMANTIC-SCRAP	LOW	Semantic-explorer artifact - disposable
tmp/ui-issues-report-20260804.md	6453	SEMANTIC-SCRAP	LOW	Semantic-explorer artifact - disposable
tmp/mimo-config-audit-report.md	6415	SEMANTIC-SCRAP	LOW	Semantic-explorer artifact - disposable
tmp/phone-worker-setup.md	6389	SEMANTIC-SCRAP	LOW	Semantic-explorer artifact - disposable
tmp/critique-20260818-console.log	6384	SEMANTIC-SCRAP	LOW	Semantic-explorer artifact - disposable
tmp/vitest-run.txt	6382	SEMANTIC-SCRAP	LOW	Semantic-explorer artifact - disposable
tmp/kilo-hy3-implement-nav-alias-followup-20260812	6371	SEMANTIC-SCRAP	LOW	Semantic-explorer artifact - disposable
tmp/audit-full.mjs	6350	SEMANTIC-SCRAP	LOW	Semantic-explorer artifact - disposable
tmp/pi-startup-fix-20260808	6315	SEMANTIC-SCRAP	LOW	Semantic-explorer artifact - disposable
tmp/mycelium-bezier.draft.ts	6297	SEMANTIC-SCRAP	LOW	Semantic-explorer artifact - disposable
tmp/transformed-parity-context.ts	6296	SEMANTIC-SCRAP	LOW	Semantic-explorer artifact - disposable
tmp/minecraft-bedrock-w10-rootcause.md	6280	SEMANTIC-SCRAP	LOW	Semantic-explorer artifact - disposable
tmp/classify-contracts.cjs	6280	SEMANTIC-SCRAP	LOW	Semantic-explorer artifact - disposable
tmp/stale-status-audit-report.md	6179	SEMANTIC-SCRAP	LOW	Semantic-explorer artifact - disposable
tmp/sweep-header-REPORT.md	6174	SEMANTIC-SCRAP	LOW	Semantic-explorer artifact - disposable
tmp/vitest-output.txt	6155	SEMANTIC-SCRAP	LOW	Semantic-explorer artifact - disposable
tmp/fix-lifecycle-report.md	6138	SEMANTIC-SCRAP	LOW	Semantic-explorer artifact - disposable
tmp/journey-suite-delegate-report.md	6137	SEMANTIC-SCRAP	LOW	Semantic-explorer artifact - disposable
tmp/vision-jury-findings-20260805.md	6135	SEMANTIC-SCRAP	LOW	Semantic-explorer artifact - disposable
tmp/analyze_data.js	6106	SEMANTIC-SCRAP	LOW	Semantic-explorer artifact - disposable
tmp/journey-timeout-sweep-report.md	6048	SEMANTIC-SCRAP	LOW	Semantic-explorer artifact - disposable
tmp/semantic-threads-audit-REPORT.md	6037	SEMANTIC-SCRAP	LOW	Semantic-explorer artifact - disposable
tmp/subagent-css-v4-prompt.md	6035	SEMANTIC-SCRAP	LOW	Semantic-explorer artifact - disposable
tmp/crashcontrol-before-20260817-014511.reg	6026	SEMANTIC-SCRAP	LOW	Semantic-explorer artifact - disposable
tmp/crashcontrol-before-20260817-014449.reg	6026	SEMANTIC-SCRAP	LOW	Semantic-explorer artifact - disposable
tmp/0731-trail-contract-REPORT.md	6015	SEMANTIC-SCRAP	LOW	Semantic-explorer artifact - disposable
tmp/hover-probe.cjs	5978	SEMANTIC-SCRAP	LOW	Semantic-explorer artifact - disposable
tmp/swarm-engine-restore-ownership-fix-20260812	5895	SEMANTIC-SCRAP	LOW	Semantic-explorer artifact - disposable
tmp/sweep-engine-sync-REPORT.md	5872	SEMANTIC-SCRAP	LOW	Semantic-explorer artifact - disposable
tmp/android-phone-playtest.mjs	5867	SEMANTIC-SCRAP	LOW	Semantic-explorer artifact - disposable
tmp/search-store-split-PLAN.md	5848	SEMANTIC-SCRAP	LOW	Semantic-explorer artifact - disposable
tmp/css-ownership-redesign-REPORT.md	5842	SEMANTIC-SCRAP	LOW	Semantic-explorer artifact - disposable
tmp/provider-wiring-report.md	5837	SEMANTIC-SCRAP	LOW	Semantic-explorer artifact - disposable
tmp/focus-blank-fix-report.md	5833	SEMANTIC-SCRAP	LOW	Semantic-explorer artifact - disposable
tmp/sweep-keyboard-REPORT.md	5815	SEMANTIC-SCRAP	LOW	Semantic-explorer artifact - disposable
tmp/header-sweep-wave-report-2026-08-10.md	5783	SEMANTIC-SCRAP	LOW	Semantic-explorer artifact - disposable
tmp/next-wave-triage-report.md	5749	SEMANTIC-SCRAP	LOW	Semantic-explorer artifact - disposable
tmp/wave7-keyboard-fix-REPORT.md	5748	SEMANTIC-SCRAP	LOW	Semantic-explorer artifact - disposable
tmp/audit-exports-v4.mjs	5726	SEMANTIC-SCRAP	LOW	Semantic-explorer artifact - disposable
tmp/swarm-shittiest-W4-engine-hygiene.md	5717	SEMANTIC-SCRAP	LOW	Semantic-explorer artifact - disposable
tmp/audit-dive-bonus.mjs	5686	SEMANTIC-SCRAP	LOW	Semantic-explorer artifact - disposable
tmp/swarm-133-compaction.md	5663	SEMANTIC-SCRAP	LOW	Semantic-explorer artifact - disposable
tmp/swarm-h3ia-REPORT.md	5662	SEMANTIC-SCRAP	LOW	Semantic-explorer artifact - disposable
tmp/typecheck-baseline-report.md	5655	SEMANTIC-SCRAP	LOW	Semantic-explorer artifact - disposable
tmp/semantic-explorer-test-hardening-20260811	5618	SEMANTIC-SCRAP	LOW	Semantic-explorer artifact - disposable
tmp/subagent-test-reconcile-report.md	5613	SEMANTIC-SCRAP	LOW	Semantic-explorer artifact - disposable
tmp/kilo-hy3-implement-runsearch-fastfail-20260812	5580	SEMANTIC-SCRAP	LOW	Semantic-explorer artifact - disposable
tmp/fix-keyboard-REPORT.md	5575	SEMANTIC-SCRAP	LOW	Semantic-explorer artifact - disposable
tmp/swarm-W2-contracts.log	5569	SEMANTIC-SCRAP	LOW	Semantic-explorer artifact - disposable
tmp/audit-exports-v3.mjs	5548	SEMANTIC-SCRAP	LOW	Semantic-explorer artifact - disposable
tmp/journey-flake-fixes-REPORT.md	5536	SEMANTIC-SCRAP	LOW	Semantic-explorer artifact - disposable
tmp/audit-exports-v2.mjs	5531	SEMANTIC-SCRAP	LOW	Semantic-explorer artifact - disposable
tmp/parity-attrs-refs.txt	5515	SEMANTIC-SCRAP	LOW	Semantic-explorer artifact - disposable
tmp/journey-suite-report.md	5515	SEMANTIC-SCRAP	LOW	Semantic-explorer artifact - disposable
tmp/zydit-final-report.md	5507	SEMANTIC-SCRAP	LOW	Semantic-explorer artifact - disposable
tmp/swarm-H3-cssbudget.md	5478	SEMANTIC-SCRAP	LOW	Semantic-explorer artifact - disposable
tmp/parameter-property-REPORT.md	5437	SEMANTIC-SCRAP	LOW	Semantic-explorer artifact - disposable
tmp/share-record-REPORT.md	5436	SEMANTIC-SCRAP	LOW	Semantic-explorer artifact - disposable
tmp/logfare-key-slot-probe-20260810.mjs	5428	SEMANTIC-SCRAP	LOW	Semantic-explorer artifact - disposable
tmp/repro-search-adversarial2.mjs	5426	SEMANTIC-SCRAP	LOW	Semantic-explorer artifact - disposable
tmp/swarm-D2-css.md	5420	SEMANTIC-SCRAP	LOW	Semantic-explorer artifact - disposable
tmp/swarm-map-state-usage-20260812	5419	SEMANTIC-SCRAP	LOW	Semantic-explorer artifact - disposable
tmp/delegation-20260815-hy3-test-runner-fix.md	5418	SEMANTIC-SCRAP	LOW	Semantic-explorer artifact - disposable
tmp/data-edge-remaining2-REPORT.md	5406	SEMANTIC-SCRAP	LOW	Semantic-explorer artifact - disposable
tmp/subagent-css-chunking-prompt.md	5388	SEMANTIC-SCRAP	LOW	Semantic-explorer artifact - disposable
tmp/swarm-W3-contracts.log	5386	SEMANTIC-SCRAP	LOW	Semantic-explorer artifact - disposable
tmp/swarm-shittiest-W1-dynamic-imports.md	5383	SEMANTIC-SCRAP	LOW	Semantic-explorer artifact - disposable
tmp/visual-qa-20260811-clean-desktop-snapshot.md	5366	SEMANTIC-SCRAP	LOW	Semantic-explorer artifact - disposable
tmp/urlstate-split-impl-REPORT.md	5356	SEMANTIC-SCRAP	LOW	Semantic-explorer artifact - disposable
tmp/qa-baseline-fails.json	5337	SEMANTIC-SCRAP	LOW	Semantic-explorer artifact - disposable
tmp/rf-provenance-report-20260814.json	5336	SEMANTIC-SCRAP	LOW	Semantic-explorer artifact - disposable
tmp/surface-contract-runner-notes.md	5330	SEMANTIC-SCRAP	LOW	Semantic-explorer artifact - disposable
tmp/modelscope-engine-fix-report.md	5317	SEMANTIC-SCRAP	LOW	Semantic-explorer artifact - disposable
tmp/vacuous-coverage-fixes-REPORT.md	5316	SEMANTIC-SCRAP	LOW	Semantic-explorer artifact - disposable
tmp/kilo-hy3-implement-nav-alias-guard-20260812	5296	SEMANTIC-SCRAP	LOW	Semantic-explorer artifact - disposable
tmp/visual-qa-20260811-clean-mobile-landscape-snapshot.md	5293	SEMANTIC-SCRAP	LOW	Semantic-explorer artifact - disposable
tmp/kilo-hy3-implement-url-lease-20260812	5292	SEMANTIC-SCRAP	LOW	Semantic-explorer artifact - disposable
tmp/beast-mission-2.md	5291	SEMANTIC-SCRAP	LOW	Semantic-explorer artifact - disposable
tmp/_g2.txt	5274	SEMANTIC-SCRAP	LOW	Semantic-explorer artifact - disposable
tmp/kilo-hy3-implement-mobile-focus-trap-20260812	5249	SEMANTIC-SCRAP	LOW	Semantic-explorer artifact - disposable
tmp/wave10-bugsweep-REPORT.md	5227	SEMANTIC-SCRAP	LOW	Semantic-explorer artifact - disposable
tmp/data-edge-rootcause-REPORT.md	5215	SEMANTIC-SCRAP	LOW	Semantic-explorer artifact - disposable
tmp/mcp-tool-fix-report.md	5208	SEMANTIC-SCRAP	LOW	Semantic-explorer artifact - disposable
tmp/audit-exports.mjs	5206	SEMANTIC-SCRAP	LOW	Semantic-explorer artifact - disposable
tmp/sweep-workers-REPORT.md	5202	SEMANTIC-SCRAP	LOW	Semantic-explorer artifact - disposable
tmp/semantic-ui-audit-mobile-cascade-live.json	5197	SEMANTIC-SCRAP	LOW	Semantic-explorer artifact - disposable
tmp/swarm-shittiest-W2-test-legibility.md	5185	SEMANTIC-SCRAP	LOW	Semantic-explorer artifact - disposable
tmp/bugsweep-kiro-auto-report.md	5182	SEMANTIC-SCRAP	LOW	Semantic-explorer artifact - disposable
tmp/swarm-D4-keyboard.md	5180	SEMANTIC-SCRAP	LOW	Semantic-explorer artifact - disposable
tmp/fix-a11y-report.md	5179	SEMANTIC-SCRAP	LOW	Semantic-explorer artifact - disposable
tmp/parse_spectral_adc_tlv.py	5170	SEMANTIC-SCRAP	LOW	Semantic-explorer artifact - disposable
tmp/sub-agent-inside-prompt.md	5165	SEMANTIC-SCRAP	LOW	Semantic-explorer artifact - disposable
tmp/swarm-jd-A.md	5163	SEMANTIC-SCRAP	LOW	Semantic-explorer artifact - disposable
tmp/contention-swarm-20260817	5153	SEMANTIC-SCRAP	LOW	Semantic-explorer artifact - disposable
tmp/lead-lifecycle-tsx.md	5140	SEMANTIC-SCRAP	LOW	Semantic-explorer artifact - disposable
tmp/review-mediumlow-report.md	5131	SEMANTIC-SCRAP	LOW	Semantic-explorer artifact - disposable
tmp/map-state-sweep.mjs	5129	SEMANTIC-SCRAP	LOW	Semantic-explorer artifact - disposable
tmp/data-store-seam-report.md	5128	SEMANTIC-SCRAP	LOW	Semantic-explorer artifact - disposable
tmp/sweep-focuslayer-REPORT.md	5122	SEMANTIC-SCRAP	LOW	Semantic-explorer artifact - disposable
tmp/subagent-keyboard-report.md	5121	SEMANTIC-SCRAP	LOW	Semantic-explorer artifact - disposable
tmp/split-fidelity-REPORT.md	5105	SEMANTIC-SCRAP	LOW	Semantic-explorer artifact - disposable
tmp/swarm-D-copy.md	5093	SEMANTIC-SCRAP	LOW	Semantic-explorer artifact - disposable
tmp/timer-remediation-search-report.md	5082	SEMANTIC-SCRAP	LOW	Semantic-explorer artifact - disposable
tmp/semantic-ui-audit-mobile-deep.md	5049	SEMANTIC-SCRAP	LOW	Semantic-explorer artifact - disposable
tmp/kilo-hy3-startup-loop-20260812	5047	SEMANTIC-SCRAP	LOW	Semantic-explorer artifact - disposable
tmp/_s7.txt	5033	SEMANTIC-SCRAP	LOW	Semantic-explorer artifact - disposable
tmp/kilo-hy3-search-ux-20260812	5025	SEMANTIC-SCRAP	LOW	Semantic-explorer artifact - disposable
tmp/sweep-audio-ui-REPORT.md	4993	SEMANTIC-SCRAP	LOW	Semantic-explorer artifact - disposable
tmp/header-sweep-C.md	4989	SEMANTIC-SCRAP	LOW	Semantic-explorer artifact - disposable
tmp/sweep-components-REPORT.md	4910	SEMANTIC-SCRAP	LOW	Semantic-explorer artifact - disposable
tmp/api-contract-harden.md	4868	SEMANTIC-SCRAP	LOW	Semantic-explorer artifact - disposable
tmp/demo-mobile-REPORT.md	4860	SEMANTIC-SCRAP	LOW	Semantic-explorer artifact - disposable
tmp/engine-mapstate-split-REPORT.md	4838	SEMANTIC-SCRAP	LOW	Semantic-explorer artifact - disposable
tmp/swarm-H2-tree.md	4824	SEMANTIC-SCRAP	LOW	Semantic-explorer artifact - disposable
tmp/semantic-ui-audit-mobile-cascade.json	4822	SEMANTIC-SCRAP	LOW	Semantic-explorer artifact - disposable
tmp/barrel-composite-audit.md	4814	SEMANTIC-SCRAP	LOW	Semantic-explorer artifact - disposable
tmp/swarm-W3-baseline.log	4812	SEMANTIC-SCRAP	LOW	Semantic-explorer artifact - disposable
tmp/subagent-S2-case-study	4801	SEMANTIC-SCRAP	LOW	Semantic-explorer artifact - disposable
tmp/worker-b-b-a1-flake-report.md	4787	SEMANTIC-SCRAP	LOW	Semantic-explorer artifact - disposable
tmp/delegation-20260815-minimax-ci-fix.md	4785	SEMANTIC-SCRAP	LOW	Semantic-explorer artifact - disposable
tmp/journey-triage-report.md	4748	SEMANTIC-SCRAP	LOW	Semantic-explorer artifact - disposable
tmp/roster-live-probe.mjs	4730	SEMANTIC-SCRAP	LOW	Semantic-explorer artifact - disposable
tmp/h3sa-typing-regex-probe.mjs	4717	SEMANTIC-SCRAP	LOW	Semantic-explorer artifact - disposable
tmp/seam1-report.md	4711	SEMANTIC-SCRAP	LOW	Semantic-explorer artifact - disposable
tmp/journey-gaps-worker-prompt.md	4706	SEMANTIC-SCRAP	LOW	Semantic-explorer artifact - disposable
tmp/bsB-ux-REPORT.md	4699	SEMANTIC-SCRAP	LOW	Semantic-explorer artifact - disposable
tmp/subagent-journey-report.md	4687	SEMANTIC-SCRAP	LOW	Semantic-explorer artifact - disposable
tmp/goal-design-mainlane-synthesis.md	4676	SEMANTIC-SCRAP	LOW	Semantic-explorer artifact - disposable
tmp/triage2.mjs	4653	SEMANTIC-SCRAP	LOW	Semantic-explorer artifact - disposable
tmp/parity-attrs-audit.md	4647	SEMANTIC-SCRAP	LOW	Semantic-explorer artifact - disposable
tmp/three-star-tests.txt	4644	SEMANTIC-SCRAP	LOW	Semantic-explorer artifact - disposable
tmp/fix-s1.md	4643	SEMANTIC-SCRAP	LOW	Semantic-explorer artifact - disposable
tmp/triage3.mjs	4621	SEMANTIC-SCRAP	LOW	Semantic-explorer artifact - disposable
tmp/scan-skills-frontmatter.mjs	4616	SEMANTIC-SCRAP	LOW	Semantic-explorer artifact - disposable
tmp/manifest-reconcile-report.md	4598	SEMANTIC-SCRAP	LOW	Semantic-explorer artifact - disposable
tmp/lazify-test-results.txt	4549	SEMANTIC-SCRAP	LOW	Semantic-explorer artifact - disposable
tmp/semantic-ui-audit-mobile.md	4535	SEMANTIC-SCRAP	LOW	Semantic-explorer artifact - disposable
tmp/w1-recovered-test.ts	4527	SEMANTIC-SCRAP	LOW	Semantic-explorer artifact - disposable
tmp/swarm-A-mycelium.md	4507	SEMANTIC-SCRAP	LOW	Semantic-explorer artifact - disposable
tmp/docs-crossref-sweep.md	4466	SEMANTIC-SCRAP	LOW	Semantic-explorer artifact - disposable
tmp/unit-bank-report.md	4435	SEMANTIC-SCRAP	LOW	Semantic-explorer artifact - disposable
tmp/urlstate-complete-REPORT.md	4427	SEMANTIC-SCRAP	LOW	Semantic-explorer artifact - disposable
tmp/map-state-sweep-REPORT.md	4425	SEMANTIC-SCRAP	LOW	Semantic-explorer artifact - disposable
tmp/perf-verify-origin.md	4406	SEMANTIC-SCRAP	LOW	Semantic-explorer artifact - disposable
tmp/luna-s2.1-audit-report.md	4405	SEMANTIC-SCRAP	LOW	Semantic-explorer artifact - disposable
tmp/control-ps1-hardening-report.md	4402	SEMANTIC-SCRAP	LOW	Semantic-explorer artifact - disposable
tmp/normalize-logfare-config.cjs	4388	SEMANTIC-SCRAP	LOW	Semantic-explorer artifact - disposable
tmp/swarm-shittiest-W3-url-restore-split.md	4361	SEMANTIC-SCRAP	LOW	Semantic-explorer artifact - disposable
tmp/bugsweep-fixes-L1L2L3-report.md	4359	SEMANTIC-SCRAP	LOW	Semantic-explorer artifact - disposable
tmp/session-memory-2026-08-17.md	4334	SEMANTIC-SCRAP	LOW	Semantic-explorer artifact - disposable
tmp/fix-components-prompt.md	4322	SEMANTIC-SCRAP	LOW	Semantic-explorer artifact - disposable
tmp/repro-sequential.mjs	4294	SEMANTIC-SCRAP	LOW	Semantic-explorer artifact - disposable
tmp/public-benchmark-swarm	4290	SEMANTIC-SCRAP	LOW	Semantic-explorer artifact - disposable
tmp/patchB-probe2.mjs	4271	SEMANTIC-SCRAP	LOW	Semantic-explorer artifact - disposable
tmp/w40-deadimports	4262	SEMANTIC-SCRAP	LOW	Semantic-explorer artifact - disposable
tmp/qdsp6_string_xrefs.py	4243	SEMANTIC-SCRAP	LOW	Semantic-explorer artifact - disposable
tmp/test_rf_common_candidate_port.py	4228	SEMANTIC-SCRAP	LOW	Semantic-explorer artifact - disposable
tmp/cleanup-report.md	4219	SEMANTIC-SCRAP	LOW	Semantic-explorer artifact - disposable
tmp/investigate-dead-chat.cjs	4198	SEMANTIC-SCRAP	LOW	Semantic-explorer artifact - disposable
tmp/remote-mc-current.png	4196	SEMANTIC-SCRAP	LOW	Semantic-explorer artifact - disposable
tmp/data-edge-probe.mjs	4190	SEMANTIC-SCRAP	LOW	Semantic-explorer artifact - disposable
tmp/p1f-engine-migration-report.md	4187	SEMANTIC-SCRAP	LOW	Semantic-explorer artifact - disposable
tmp/fix-journey-p1-REPORT.md	4176	SEMANTIC-SCRAP	LOW	Semantic-explorer artifact - disposable
tmp/b1-fn.txt	4173	SEMANTIC-SCRAP	LOW	Semantic-explorer artifact - disposable
tmp/probe-personality-nonconsecutive.mjs	4163	SEMANTIC-SCRAP	LOW	Semantic-explorer artifact - disposable
tmp/repro-shared-context.mjs	4138	SEMANTIC-SCRAP	LOW	Semantic-explorer artifact - disposable
tmp/handoff-SEV1-dewindowing.md	4130	SEMANTIC-SCRAP	LOW	Semantic-explorer artifact - disposable
tmp/precis-patches	4129	SEMANTIC-SCRAP	LOW	Semantic-explorer artifact - disposable
tmp/subagent-copy-audit-report.md	4115	SEMANTIC-SCRAP	LOW	Semantic-explorer artifact - disposable
tmp/forensic.ps1	4108	SEMANTIC-SCRAP	LOW	Semantic-explorer artifact - disposable
tmp/_h2_result.json	4107	SEMANTIC-SCRAP	LOW	Semantic-explorer artifact - disposable
tmp/dead-export-removal-plan.md	4100	SEMANTIC-SCRAP	LOW	Semantic-explorer artifact - disposable
tmp/batch-run-contracts.mjs	4077	SEMANTIC-SCRAP	LOW	Semantic-explorer artifact - disposable
tmp/triage.mjs	4075	SEMANTIC-SCRAP	LOW	Semantic-explorer artifact - disposable
tmp/semantic-threads-split-PLAN.md	4075	SEMANTIC-SCRAP	LOW	Semantic-explorer artifact - disposable
tmp/baseline-sync-scan-imp.mjs	4072	SEMANTIC-SCRAP	LOW	Semantic-explorer artifact - disposable
tmp/subagent-deadcode-A-report.md	4061	SEMANTIC-SCRAP	LOW	Semantic-explorer artifact - disposable
tmp/verify-headers-D1.mjs	4046	SEMANTIC-SCRAP	LOW	Semantic-explorer artifact - disposable
tmp/probe-sedge.mjs	4005	SEMANTIC-SCRAP	LOW	Semantic-explorer artifact - disposable
tmp/W4-lifecycle-report.md	4005	SEMANTIC-SCRAP	LOW	Semantic-explorer artifact - disposable
tmp/subagent-ui-a11y-report.md	3980	SEMANTIC-SCRAP	LOW	Semantic-explorer artifact - disposable
tmp/test_rf_patchwork_contract.py	3977	SEMANTIC-SCRAP	LOW	Semantic-explorer artifact - disposable
tmp/swarm-W2-phase2-model-health	3976	SEMANTIC-SCRAP	LOW	Semantic-explorer artifact - disposable
tmp/test-normalizer-direct.mjs	3962	SEMANTIC-SCRAP	LOW	Semantic-explorer artifact - disposable
tmp/goal-landing-checklist.md	3960	SEMANTIC-SCRAP	LOW	Semantic-explorer artifact - disposable
tmp/nvidia-glm52-deepseek-DIAG.md	3941	SEMANTIC-SCRAP	LOW	Semantic-explorer artifact - disposable
tmp/subagent-scene-ready-report.md	3926	SEMANTIC-SCRAP	LOW	Semantic-explorer artifact - disposable
tmp/semantic-ui-audit-mobile-fresh.md	3921	SEMANTIC-SCRAP	LOW	Semantic-explorer artifact - disposable
tmp/subagent-phone-farm-report.md	3914	SEMANTIC-SCRAP	LOW	Semantic-explorer artifact - disposable
tmp/semantic-ui-audit-mobile-rebuilt-ready.md	3910	SEMANTIC-SCRAP	LOW	Semantic-explorer artifact - disposable
tmp/fix-keyboard-tests-prompt.md	3909	SEMANTIC-SCRAP	LOW	Semantic-explorer artifact - disposable
tmp/audit-dive-bonus-2026-08-06.jsonl	3907	SEMANTIC-SCRAP	LOW	Semantic-explorer artifact - disposable
tmp/w61-css-orphan-cleanup-report.md	3886	SEMANTIC-SCRAP	LOW	Semantic-explorer artifact - disposable
tmp/repro-storage.mjs	3874	SEMANTIC-SCRAP	LOW	Semantic-explorer artifact - disposable
tmp/sweep-state-REPORT.md	3866	SEMANTIC-SCRAP	LOW	Semantic-explorer artifact - disposable
tmp/subagent-utils-report.md	3866	SEMANTIC-SCRAP	LOW	Semantic-explorer artifact - disposable
tmp/hold-verify2-REPORT.md	3853	SEMANTIC-SCRAP	LOW	Semantic-explorer artifact - disposable
tmp/sub-agent-dive-prompt.md	3846	SEMANTIC-SCRAP	LOW	Semantic-explorer artifact - disposable
tmp/free-supplement-modelscope-qwen-coder.md	3841	SEMANTIC-SCRAP	LOW	Semantic-explorer artifact - disposable
tmp/docs-cleanup-subagent-brief.md	3840	SEMANTIC-SCRAP	LOW	Semantic-explorer artifact - disposable
tmp/dots3-note-probes	3837	SEMANTIC-SCRAP	LOW	Semantic-explorer artifact - disposable
tmp/worker-b-f16-5n-report.md	3834	SEMANTIC-SCRAP	LOW	Semantic-explorer artifact - disposable
tmp/subagent-2.1-report.md	3832	SEMANTIC-SCRAP	LOW	Semantic-explorer artifact - disposable
tmp/ram-paging-trend.ps1	3807	SEMANTIC-SCRAP	LOW	Semantic-explorer artifact - disposable
tmp/fix-journey-p1-prompt.md	3806	SEMANTIC-SCRAP	LOW	Semantic-explorer artifact - disposable
tmp/data-layer-verified-REPORT.md	3781	SEMANTIC-SCRAP	LOW	Semantic-explorer artifact - disposable
tmp/semantic-ui-audit-mobile-input-geometry.json	3765	SEMANTIC-SCRAP	LOW	Semantic-explorer artifact - disposable
tmp/short-landscape-map-trail-20260812	3758	SEMANTIC-SCRAP	LOW	Semantic-explorer artifact - disposable
tmp/pi-harness-slowdown-analysis.md	3754	SEMANTIC-SCRAP	LOW	Semantic-explorer artifact - disposable
tmp/goal-loop-fleet-REPORT.md	3747	SEMANTIC-SCRAP	LOW	Semantic-explorer artifact - disposable
tmp/fix-header-prompt.md	3740	SEMANTIC-SCRAP	LOW	Semantic-explorer artifact - disposable
tmp/beast-mission-1.md	3740	SEMANTIC-SCRAP	LOW	Semantic-explorer artifact - disposable
tmp/search-lifecycle-regression-20260807	3733	SEMANTIC-SCRAP	LOW	Semantic-explorer artifact - disposable
tmp/swarm-L1-testarch.md	3724	SEMANTIC-SCRAP	LOW	Semantic-explorer artifact - disposable
tmp/normalize-segB.txt	3719	SEMANTIC-SCRAP	LOW	Semantic-explorer artifact - disposable
tmp/fix-engine-adjacent-prompt.md	3715	SEMANTIC-SCRAP	LOW	Semantic-explorer artifact - disposable
tmp/dead-export-reverify.md	3715	SEMANTIC-SCRAP	LOW	Semantic-explorer artifact - disposable
tmp/worker-high-severity-report.md	3667	SEMANTIC-SCRAP	LOW	Semantic-explorer artifact - disposable
tmp/repro-search-adversarial.mjs	3666	SEMANTIC-SCRAP	LOW	Semantic-explorer artifact - disposable
tmp/fix-audio-prompt.md	3648	SEMANTIC-SCRAP	LOW	Semantic-explorer artifact - disposable
tmp/semantic-ui-audit-mobile-8797-ready.md	3633	SEMANTIC-SCRAP	LOW	Semantic-explorer artifact - disposable
tmp/goal-loop-skeleton.ts	3633	SEMANTIC-SCRAP	LOW	Semantic-explorer artifact - disposable
tmp/fix-engine-teardown-prompt.md	3632	SEMANTIC-SCRAP	LOW	Semantic-explorer artifact - disposable
tmp/subagent-mode-chip-report.md	3625	SEMANTIC-SCRAP	LOW	Semantic-explorer artifact - disposable
tmp/shittiest-parts-audit.md	3618	SEMANTIC-SCRAP	LOW	Semantic-explorer artifact - disposable
tmp/fix-header-REPORT.md	3595	SEMANTIC-SCRAP	LOW	Semantic-explorer artifact - disposable
tmp/wave9-REPORT.md	3594	SEMANTIC-SCRAP	LOW	Semantic-explorer artifact - disposable
tmp/subagent-ui-state-fix-report.md	3589	SEMANTIC-SCRAP	LOW	Semantic-explorer artifact - disposable
tmp/banner-copy-REPORT.md	3567	SEMANTIC-SCRAP	LOW	Semantic-explorer artifact - disposable
tmp/worker-medium-severity-report.md	3549	SEMANTIC-SCRAP	LOW	Semantic-explorer artifact - disposable
tmp/seam3-report.md	3541	SEMANTIC-SCRAP	LOW	Semantic-explorer artifact - disposable
tmp/semantic-explorer-ui-audit-20260810	3522	SEMANTIC-SCRAP	LOW	Semantic-explorer artifact - disposable
tmp/scratch-scoring-cache-check.test.ts	3520	SEMANTIC-SCRAP	LOW	Semantic-explorer artifact - disposable
tmp/recheck-dead-exports.mjs	3509	SEMANTIC-SCRAP	LOW	Semantic-explorer artifact - disposable
tmp/swarm-search-S3-REPORT.md	3502	SEMANTIC-SCRAP	LOW	Semantic-explorer artifact - disposable
tmp/spinner-fix-REPORT.md	3487	SEMANTIC-SCRAP	LOW	Semantic-explorer artifact - disposable
tmp/probe-live-map.mjs	3479	SEMANTIC-SCRAP	LOW	Semantic-explorer artifact - disposable
tmp/inv-search-dispatch-report.md	3479	SEMANTIC-SCRAP	LOW	Semantic-explorer artifact - disposable
tmp/layered-flesh-plan.md	3468	SEMANTIC-SCRAP	LOW	Semantic-explorer artifact - disposable
tmp/sweep-orch-middle-prompt.md	3465	SEMANTIC-SCRAP	LOW	Semantic-explorer artifact - disposable
tmp/kilo-vl-eol-report.md	3461	SEMANTIC-SCRAP	LOW	Semantic-explorer artifact - disposable
tmp/h6-verification-report.md	3456	SEMANTIC-SCRAP	LOW	Semantic-explorer artifact - disposable
tmp/fix-contracts-prompt.md	3451	SEMANTIC-SCRAP	LOW	Semantic-explorer artifact - disposable
tmp/subagent-freeinference-config-report.md	3448	SEMANTIC-SCRAP	LOW	Semantic-explorer artifact - disposable
tmp/logfare-test-runner-batch-report.md	3442	SEMANTIC-SCRAP	LOW	Semantic-explorer artifact - disposable
tmp/jd-e2e.log	3417	SEMANTIC-SCRAP	LOW	Semantic-explorer artifact - disposable
tmp/fix-keyboard-prompt.md	3413	SEMANTIC-SCRAP	LOW	Semantic-explorer artifact - disposable
tmp/data-edge-deep-probe.mjs	3408	SEMANTIC-SCRAP	LOW	Semantic-explorer artifact - disposable
tmp/forensic5.ps1	3406	SEMANTIC-SCRAP	LOW	Semantic-explorer artifact - disposable
tmp/swarm-shittiest-W2-test-sprawl.md	3405	SEMANTIC-SCRAP	LOW	Semantic-explorer artifact - disposable
tmp/investigate-moondream-raw.cjs	3405	SEMANTIC-SCRAP	LOW	Semantic-explorer artifact - disposable
tmp/short-landscape-audit-repair-20260812	3386	SEMANTIC-SCRAP	LOW	Semantic-explorer artifact - disposable
tmp/continue-prompt-2026-08-17.md	3371	SEMANTIC-SCRAP	LOW	Semantic-explorer artifact - disposable
tmp/w57-model-graduation-final-report.md	3359	SEMANTIC-SCRAP	LOW	Semantic-explorer artifact - disposable
tmp/lazy-import-veracity-2026-08-18.md	3357	SEMANTIC-SCRAP	LOW	Semantic-explorer artifact - disposable
tmp/phone-swarm-playbook-2026-08-13.md	3353	SEMANTIC-SCRAP	LOW	Semantic-explorer artifact - disposable
tmp/iso-webgl.txt	3335	SEMANTIC-SCRAP	LOW	Semantic-explorer artifact - disposable
tmp/subagent-500-investigation-report.md	3332	SEMANTIC-SCRAP	LOW	Semantic-explorer artifact - disposable
tmp/subagent-search-B-report.md	3325	SEMANTIC-SCRAP	LOW	Semantic-explorer artifact - disposable
tmp/semantic-ui-audit-mobile-search.md	3323	SEMANTIC-SCRAP	LOW	Semantic-explorer artifact - disposable
tmp/s23-strike	3304	SEMANTIC-SCRAP	LOW	Semantic-explorer artifact - disposable
tmp/audit.mjs	3302	SEMANTIC-SCRAP	LOW	Semantic-explorer artifact - disposable
tmp/inspect_spectral_elf.py	3297	SEMANTIC-SCRAP	LOW	Semantic-explorer artifact - disposable
tmp/jd-e2e5.log	3275	SEMANTIC-SCRAP	LOW	Semantic-explorer artifact - disposable
tmp/gl-info-probe.cjs	3265	SEMANTIC-SCRAP	LOW	Semantic-explorer artifact - disposable
tmp/lint-swarm-engine-report.md	3261	SEMANTIC-SCRAP	LOW	Semantic-explorer artifact - disposable
tmp/deep-link-fix-report.md	3259	SEMANTIC-SCRAP	LOW	Semantic-explorer artifact - disposable
tmp/cline-laguna-direct-20260812.jsonl	3256	SEMANTIC-SCRAP	LOW	Semantic-explorer artifact - disposable
tmp/board-hygiene-report.md	3240	SEMANTIC-SCRAP	LOW	Semantic-explorer artifact - disposable
tmp/searchresults-extraction-report.md	3222	SEMANTIC-SCRAP	LOW	Semantic-explorer artifact - disposable
tmp/goal-tool-fleet-brief.md	3218	SEMANTIC-SCRAP	LOW	Semantic-explorer artifact - disposable
tmp/transformed-engine-ready.svelte.ts	3216	SEMANTIC-SCRAP	LOW	Semantic-explorer artifact - disposable
tmp/p13-redo-report.md	3202	SEMANTIC-SCRAP	LOW	Semantic-explorer artifact - disposable
tmp/header-sweep-D2c.md	3179	SEMANTIC-SCRAP	LOW	Semantic-explorer artifact - disposable
tmp/forensic2.ps1	3160	SEMANTIC-SCRAP	LOW	Semantic-explorer artifact - disposable
tmp/refactor-cameraoffset-REPORT.md	3158	SEMANTIC-SCRAP	LOW	Semantic-explorer artifact - disposable
tmp/macaron-venti-smoke-test-report.md	3153	SEMANTIC-SCRAP	LOW	Semantic-explorer artifact - disposable
tmp/contract-table.tsv	3151	SEMANTIC-SCRAP	LOW	Semantic-explorer artifact - disposable
tmp/subagent-css-budget-prompt.md	3140	SEMANTIC-SCRAP	LOW	Semantic-explorer artifact - disposable
tmp/header-sweep-D1.md	3133	SEMANTIC-SCRAP	LOW	Semantic-explorer artifact - disposable
tmp/normalize-split-spec.md	3132	SEMANTIC-SCRAP	LOW	Semantic-explorer artifact - disposable
tmp/url-family-audit.mjs	3127	SEMANTIC-SCRAP	LOW	Semantic-explorer artifact - disposable
tmp/p13-bundle-report.md	3126	SEMANTIC-SCRAP	LOW	Semantic-explorer artifact - disposable
tmp/persist-driver.md	3119	SEMANTIC-SCRAP	LOW	Semantic-explorer artifact - disposable
tmp/restart-handoff-goal-loop.md	3117	SEMANTIC-SCRAP	LOW	Semantic-explorer artifact - disposable
tmp/_s6.txt	3103	SEMANTIC-SCRAP	LOW	Semantic-explorer artifact - disposable
tmp/C-rich-brief.md	3084	SEMANTIC-SCRAP	LOW	Semantic-explorer artifact - disposable
tmp/god-file-decomposition-audit-2026-08-14.md	3080	SEMANTIC-SCRAP	LOW	Semantic-explorer artifact - disposable
tmp/probe-logfare-all.mjs	3079	SEMANTIC-SCRAP	LOW	Semantic-explorer artifact - disposable
tmp/probe-overflow-clip.mjs	3071	SEMANTIC-SCRAP	LOW	Semantic-explorer artifact - disposable
tmp/laguna-xs-lint-report.md	3064	SEMANTIC-SCRAP	LOW	Semantic-explorer artifact - disposable
tmp/journey-gaps-verbose.log	3064	SEMANTIC-SCRAP	LOW	Semantic-explorer artifact - disposable
tmp/logfare-crosscheck.mjs	3059	SEMANTIC-SCRAP	LOW	Semantic-explorer artifact - disposable
tmp/logfare-crosscheck.cjs	3059	SEMANTIC-SCRAP	LOW	Semantic-explorer artifact - disposable
tmp/swarm-search-S2-REPORT.md	3051	SEMANTIC-SCRAP	LOW	Semantic-explorer artifact - disposable
tmp/deferred-mcp-profile-design.md	3050	SEMANTIC-SCRAP	LOW	Semantic-explorer artifact - disposable
tmp/audit-engine.mjs	3046	SEMANTIC-SCRAP	LOW	Semantic-explorer artifact - disposable
tmp/dead-import-audit-engine.mjs	3041	SEMANTIC-SCRAP	LOW	Semantic-explorer artifact - disposable
tmp/test_rf_provenance_sweep.py	3036	SEMANTIC-SCRAP	LOW	Semantic-explorer artifact - disposable
tmp/jd-A-prompt.md	3026	SEMANTIC-SCRAP	LOW	Semantic-explorer artifact - disposable
tmp/harness-tool-gap-audit.md	3025	SEMANTIC-SCRAP	LOW	Semantic-explorer artifact - disposable
tmp/big-components-audit-report.md	3023	SEMANTIC-SCRAP	LOW	Semantic-explorer artifact - disposable
tmp/mig-audit-brief.md	3017	SEMANTIC-SCRAP	LOW	Semantic-explorer artifact - disposable
tmp/probe-rail.log	3012	SEMANTIC-SCRAP	LOW	Semantic-explorer artifact - disposable
tmp/worker-event-listener-report.md	3006	SEMANTIC-SCRAP	LOW	Semantic-explorer artifact - disposable
tmp/fix-restore-cleanup-prompt.md	3005	SEMANTIC-SCRAP	LOW	Semantic-explorer artifact - disposable
tmp/logfare-tuning-report.md	3003	SEMANTIC-SCRAP	LOW	Semantic-explorer artifact - disposable
tmp/semantic-ui-audit-mobile-rebuilt.md	2997	SEMANTIC-SCRAP	LOW	Semantic-explorer artifact - disposable
tmp/fix-render-restore-prompt.md	2996	SEMANTIC-SCRAP	LOW	Semantic-explorer artifact - disposable
tmp/fix-contracts-REPORT.md	2996	SEMANTIC-SCRAP	LOW	Semantic-explorer artifact - disposable
tmp/semantic-visual-fix-20260808	2991	SEMANTIC-SCRAP	LOW	Semantic-explorer artifact - disposable
tmp/repro-fresh-context.mjs	2986	SEMANTIC-SCRAP	LOW	Semantic-explorer artifact - disposable
tmp/subagent-S1-copy-strike-brief.md	2984	SEMANTIC-SCRAP	LOW	Semantic-explorer artifact - disposable
tmp/subagent-cluster-restore-report.md	2983	SEMANTIC-SCRAP	LOW	Semantic-explorer artifact - disposable
tmp/_audit-run.mjs	2975	SEMANTIC-SCRAP	LOW	Semantic-explorer artifact - disposable
tmp/fix-engine-adjacent-REPORT.md	2963	SEMANTIC-SCRAP	LOW	Semantic-explorer artifact - disposable
tmp/rail-vs-trail.mjs	2952	SEMANTIC-SCRAP	LOW	Semantic-explorer artifact - disposable
tmp/diskusage-repos.txt	2950	SEMANTIC-SCRAP	LOW	Semantic-explorer artifact - disposable
tmp/dedup-surface-navmode-PLAN.md	2920	SEMANTIC-SCRAP	LOW	Semantic-explorer artifact - disposable
tmp/patchB-probe.mjs	2917	SEMANTIC-SCRAP	LOW	Semantic-explorer artifact - disposable
tmp/rf-scan.mjs	2916	SEMANTIC-SCRAP	LOW	Semantic-explorer artifact - disposable
tmp/swarm-C-classify.mjs	2907	SEMANTIC-SCRAP	LOW	Semantic-explorer artifact - disposable
tmp/worker-canvas-timeout-report.md	2906	SEMANTIC-SCRAP	LOW	Semantic-explorer artifact - disposable
tmp/record519-d5-DELIVER.md	2900	SEMANTIC-SCRAP	LOW	Semantic-explorer artifact - disposable
tmp/filters-extraction-report.md	2891	SEMANTIC-SCRAP	LOW	Semantic-explorer artifact - disposable
tmp/verify-resid.log	2877	SEMANTIC-SCRAP	LOW	Semantic-explorer artifact - disposable
tmp/remove-stale-router-profiles.cjs	2873	SEMANTIC-SCRAP	LOW	Semantic-explorer artifact - disposable
tmp/subagent-searchcore-test-report.md	2870	SEMANTIC-SCRAP	LOW	Semantic-explorer artifact - disposable
tmp/wallbeat.mjs	2860	SEMANTIC-SCRAP	LOW	Semantic-explorer artifact - disposable
tmp/fix-neighborrail-prompt.md	2859	SEMANTIC-SCRAP	LOW	Semantic-explorer artifact - disposable
tmp/dead-export-audit.md	2842	SEMANTIC-SCRAP	LOW	Semantic-explorer artifact - disposable
tmp/fix-engine-teardown-REPORT.md	2841	SEMANTIC-SCRAP	LOW	Semantic-explorer artifact - disposable
tmp/swarm-bugsweep-carve-REPORT.md	2840	SEMANTIC-SCRAP	LOW	Semantic-explorer artifact - disposable
tmp/ia1-residual-window-bridge-inventory-contract.log	2833	SEMANTIC-SCRAP	LOW	Semantic-explorer artifact - disposable
tmp/h3sa-mjs-residual-window-bridge-inventory-contract.out	2833	SEMANTIC-SCRAP	LOW	Semantic-explorer artifact - disposable
tmp/dots-boundary-replication-20260818.mjs	2827	SEMANTIC-SCRAP	LOW	Semantic-explorer artifact - disposable
tmp/refactor-focusednode-prompt.md	2823	SEMANTIC-SCRAP	LOW	Semantic-explorer artifact - disposable
tmp/repro-exact-test.mjs	2819	SEMANTIC-SCRAP	LOW	Semantic-explorer artifact - disposable
tmp/board-applied-report.md	2812	SEMANTIC-SCRAP	LOW	Semantic-explorer artifact - disposable
tmp/F-so-a-brief.md	2809	SEMANTIC-SCRAP	LOW	Semantic-explorer artifact - disposable
tmp/VW2-contract-report.md	2807	SEMANTIC-SCRAP	LOW	Semantic-explorer artifact - disposable
tmp/rail-chain.mjs	2806	SEMANTIC-SCRAP	LOW	Semantic-explorer artifact - disposable
tmp/transformed-legend.svelte.ts	2801	SEMANTIC-SCRAP	LOW	Semantic-explorer artifact - disposable
tmp/visual-runtime-check-v2-report.md	2792	SEMANTIC-SCRAP	LOW	Semantic-explorer artifact - disposable
tmp/mapview-extraction-report.md	2791	SEMANTIC-SCRAP	LOW	Semantic-explorer artifact - disposable
tmp/zombie-mirror-cut-REPORT.md	2766	SEMANTIC-SCRAP	LOW	Semantic-explorer artifact - disposable
tmp/sweep-engine-adjacent-prompt.md	2754	SEMANTIC-SCRAP	LOW	Semantic-explorer artifact - disposable
tmp/fix-components-REPORT.md	2751	SEMANTIC-SCRAP	LOW	Semantic-explorer artifact - disposable
tmp/docs-lane-inventory-prompt.md	2734	SEMANTIC-SCRAP	LOW	Semantic-explorer artifact - disposable
tmp/fix-legacy-note-prompt.md	2731	SEMANTIC-SCRAP	LOW	Semantic-explorer artifact - disposable
tmp/worker-lazy-load-three-report.md	2730	SEMANTIC-SCRAP	LOW	Semantic-explorer artifact - disposable
tmp/sub-agent-emptyband-fix-prompt.md	2725	SEMANTIC-SCRAP	LOW	Semantic-explorer artifact - disposable
tmp/app-svelte-refs.txt	2724	SEMANTIC-SCRAP	LOW	Semantic-explorer artifact - disposable
tmp/withstate-mutation-removal-report.md	2722	SEMANTIC-SCRAP	LOW	Semantic-explorer artifact - disposable
tmp/map-desktop-report.md	2722	SEMANTIC-SCRAP	LOW	Semantic-explorer artifact - disposable
tmp/delegation-20260815-hy3-smoke-gate.md	2721	SEMANTIC-SCRAP	LOW	Semantic-explorer artifact - disposable
tmp/vision-probe.mjs	2718	SEMANTIC-SCRAP	LOW	Semantic-explorer artifact - disposable
tmp/fix-audio-REPORT.md	2714	SEMANTIC-SCRAP	LOW	Semantic-explorer artifact - disposable
tmp/drift-audit-report.md	2708	SEMANTIC-SCRAP	LOW	Semantic-explorer artifact - disposable
tmp/timer-remediation-demo-parity-report.md	2706	SEMANTIC-SCRAP	LOW	Semantic-explorer artifact - disposable
tmp/check_orphans.mjs	2703	SEMANTIC-SCRAP	LOW	Semantic-explorer artifact - disposable
tmp/refactor-currentview-prompt.md	2696	SEMANTIC-SCRAP	LOW	Semantic-explorer artifact - disposable
tmp/playwright-smoke.log	2696	SEMANTIC-SCRAP	LOW	Semantic-explorer artifact - disposable
tmp/sweep-components-prompt.md	2688	SEMANTIC-SCRAP	LOW	Semantic-explorer artifact - disposable
tmp/probe-dead-lanes2.mjs	2684	SEMANTIC-SCRAP	LOW	Semantic-explorer artifact - disposable
tmp/h1-audit4.mjs	2681	SEMANTIC-SCRAP	LOW	Semantic-explorer artifact - disposable
tmp/apply-max-tokens.cjs	2668	SEMANTIC-SCRAP	LOW	Semantic-explorer artifact - disposable
tmp/lane-inventory-update-report.md	2657	SEMANTIC-SCRAP	LOW	Semantic-explorer artifact - disposable
tmp/header-helpdialog-extraction-report.md	2657	SEMANTIC-SCRAP	LOW	Semantic-explorer artifact - disposable
tmp/fix-pocket-REPORT.md	2657	SEMANTIC-SCRAP	LOW	Semantic-explorer artifact - disposable
tmp/t3-4-investigation-report.md	2651	SEMANTIC-SCRAP	LOW	Semantic-explorer artifact - disposable
tmp/data-edge-spec-fix-REPORT.md	2645	SEMANTIC-SCRAP	LOW	Semantic-explorer artifact - disposable
tmp/forensic3.ps1	2639	SEMANTIC-SCRAP	LOW	Semantic-explorer artifact - disposable
tmp/fix-coordinator-prompt.md	2629	SEMANTIC-SCRAP	LOW	Semantic-explorer artifact - disposable
tmp/desktop-panel-fix-report.md	2626	SEMANTIC-SCRAP	LOW	Semantic-explorer artifact - disposable
tmp/subagent-live-runtime-prompt.md	2623	SEMANTIC-SCRAP	LOW	Semantic-explorer artifact - disposable
tmp/skills-integration-STATUS.md	2620	SEMANTIC-SCRAP	LOW	Semantic-explorer artifact - disposable
tmp/refactor-traildepth-prompt.md	2620	SEMANTIC-SCRAP	LOW	Semantic-explorer artifact - disposable
tmp/audit-min.mjs	2619	SEMANTIC-SCRAP	LOW	Semantic-explorer artifact - disposable
tmp/sub-agent-freshness-fix-prompt.md	2617	SEMANTIC-SCRAP	LOW	Semantic-explorer artifact - disposable
tmp/refactor-focusednode-REPORT.md	2617	SEMANTIC-SCRAP	LOW	Semantic-explorer artifact - disposable
tmp/s4-enrichment-merge-handoff.md	2616	SEMANTIC-SCRAP	LOW	Semantic-explorer artifact - disposable
tmp/seamhunt-analysis.mjs	2611	SEMANTIC-SCRAP	LOW	Semantic-explorer artifact - disposable
tmp/test-artifact-hygiene-report.md	2610	SEMANTIC-SCRAP	LOW	Semantic-explorer artifact - disposable
tmp/semantic-ui-audit-short-landscape-after-landscape-fix.json	2598	SEMANTIC-SCRAP	LOW	Semantic-explorer artifact - disposable
tmp/TA6-contract-reverify.md	2598	SEMANTIC-SCRAP	LOW	Semantic-explorer artifact - disposable
tmp/focuscard-header-extraction-report.md	2589	SEMANTIC-SCRAP	LOW	Semantic-explorer artifact - disposable
tmp/app-init-result4.txt	2587	SEMANTIC-SCRAP	LOW	Semantic-explorer artifact - disposable
tmp/app-init-result3.txt	2587	SEMANTIC-SCRAP	LOW	Semantic-explorer artifact - disposable
tmp/app-init-result2.txt	2584	SEMANTIC-SCRAP	LOW	Semantic-explorer artifact - disposable
tmp/zydit-t2-12-report.md	2583	SEMANTIC-SCRAP	LOW	Semantic-explorer artifact - disposable
tmp/subagent-trial-qwen-3.6-35b-a3b-report.md	2582	SEMANTIC-SCRAP	LOW	Semantic-explorer artifact - disposable
tmp/logfare-roster-REPORT.md	2579	SEMANTIC-SCRAP	LOW	Semantic-explorer artifact - disposable
tmp/session-resume-2026-08-11.md	2571	SEMANTIC-SCRAP	LOW	Semantic-explorer artifact - disposable
tmp/subagent-head-help-report.md	2569	SEMANTIC-SCRAP	LOW	Semantic-explorer artifact - disposable
tmp/jd-e2e2.log	2568	SEMANTIC-SCRAP	LOW	Semantic-explorer artifact - disposable
tmp/fix-neighborrail-REPORT.md	2566	SEMANTIC-SCRAP	LOW	Semantic-explorer artifact - disposable
tmp/fix-legacy-note-REPORT.md	2566	SEMANTIC-SCRAP	LOW	Semantic-explorer artifact - disposable
tmp/overlay-b2b3b4-detail.md	2560	SEMANTIC-SCRAP	LOW	Semantic-explorer artifact - disposable
tmp/sweep-types-prompt.md	2555	SEMANTIC-SCRAP	LOW	Semantic-explorer artifact - disposable
tmp/forensic4.ps1	2555	SEMANTIC-SCRAP	LOW	Semantic-explorer artifact - disposable
tmp/fix-state-validators-prompt.md	2550	SEMANTIC-SCRAP	LOW	Semantic-explorer artifact - disposable
tmp/semantic-ui-audit-mobile-matching-rules.json	2549	SEMANTIC-SCRAP	LOW	Semantic-explorer artifact - disposable
tmp/test_rf_cld_adc_adapter.py	2546	SEMANTIC-SCRAP	LOW	Semantic-explorer artifact - disposable
tmp/goal-design-fleet-outcome.md	2546	SEMANTIC-SCRAP	LOW	Semantic-explorer artifact - disposable
tmp/bench-round2-report-ling.md	2543	SEMANTIC-SCRAP	LOW	Semantic-explorer artifact - disposable
tmp/test_parse_spectral_adc_tlv.py	2541	SEMANTIC-SCRAP	LOW	Semantic-explorer artifact - disposable
tmp/focus-facts-fix-report.md	2541	SEMANTIC-SCRAP	LOW	Semantic-explorer artifact - disposable
tmp/fleet-urlstate-complete-brief.md	2532	SEMANTIC-SCRAP	LOW	Semantic-explorer artifact - disposable
tmp/subagent-bs7-report.md	2520	SEMANTIC-SCRAP	LOW	Semantic-explorer artifact - disposable
tmp/fix-personality-contract-prompt.md	2512	SEMANTIC-SCRAP	LOW	Semantic-explorer artifact - disposable
tmp/swarm-fold-agenda.md	2511	SEMANTIC-SCRAP	LOW	Semantic-explorer artifact - disposable
tmp/probe-dead-lanes.mjs	2511	SEMANTIC-SCRAP	LOW	Semantic-explorer artifact - disposable
tmp/dots-request-shape-matrix-20260818.mjs	2508	SEMANTIC-SCRAP	LOW	Semantic-explorer artifact - disposable
tmp/prettier-format-sweep-report.md	2501	SEMANTIC-SCRAP	LOW	Semantic-explorer artifact - disposable
tmp/audit-test.mjs	2501	SEMANTIC-SCRAP	LOW	Semantic-explorer artifact - disposable
tmp/vision-quality-hardening-wave-20260810	2499	SEMANTIC-SCRAP	LOW	Semantic-explorer artifact - disposable
tmp/audit-parity-reads.mjs	2498	SEMANTIC-SCRAP	LOW	Semantic-explorer artifact - disposable
tmp/purge-manifest.mjs	2496	SEMANTIC-SCRAP	LOW	Semantic-explorer artifact - disposable
tmp/jd-B-prompt.md	2490	SEMANTIC-SCRAP	LOW	Semantic-explorer artifact - disposable
tmp/refactor-autorotate-prompt.md	2486	SEMANTIC-SCRAP	LOW	Semantic-explorer artifact - disposable
tmp/pinned-contracts.txt	2485	SEMANTIC-SCRAP	LOW	Semantic-explorer artifact - disposable
tmp/bench-round4-report.md	2484	SEMANTIC-SCRAP	LOW	Semantic-explorer artifact - disposable
tmp/bench-round4-report-step.md	2484	SEMANTIC-SCRAP	LOW	Semantic-explorer artifact - disposable
tmp/fix-engine-degraded-prompt.md	2478	SEMANTIC-SCRAP	LOW	Semantic-explorer artifact - disposable
tmp/fix-engine-timers-REPORT.md	2475	SEMANTIC-SCRAP	LOW	Semantic-explorer artifact - disposable
tmp/probe-lib.mjs	2470	SEMANTIC-SCRAP	LOW	Semantic-explorer artifact - disposable
tmp/fix-worker-parity-prompt.md	2469	SEMANTIC-SCRAP	LOW	Semantic-explorer artifact - disposable
tmp/fix-keyboard-tests-REPORT.md	2458	SEMANTIC-SCRAP	LOW	Semantic-explorer artifact - disposable
tmp/probe-micro.mjs	2457	SEMANTIC-SCRAP	LOW	Semantic-explorer artifact - disposable
tmp/worker-sweep.mjs	2454	SEMANTIC-SCRAP	LOW	Semantic-explorer artifact - disposable
tmp/capture-vision-audit.mjs	2451	SEMANTIC-SCRAP	LOW	Semantic-explorer artifact - disposable
tmp/test_rf_provenance_gate.py	2447	SEMANTIC-SCRAP	LOW	Semantic-explorer artifact - disposable
tmp/fix-searchitem-REPORT.md	2441	SEMANTIC-SCRAP	LOW	Semantic-explorer artifact - disposable
tmp/pi-liveness-20260809	2434	SEMANTIC-SCRAP	LOW	Semantic-explorer artifact - disposable
tmp/wave9b-verify-report.md	2431	SEMANTIC-SCRAP	LOW	Semantic-explorer artifact - disposable
tmp/seam2-brief.md	2431	SEMANTIC-SCRAP	LOW	Semantic-explorer artifact - disposable
tmp/fix-note-twin-prompt.md	2417	SEMANTIC-SCRAP	LOW	Semantic-explorer artifact - disposable
tmp/unit-flake-report.md	2413	SEMANTIC-SCRAP	LOW	Semantic-explorer artifact - disposable
tmp/diag_diff.mjs	2401	SEMANTIC-SCRAP	LOW	Semantic-explorer artifact - disposable
tmp/seam1-brief.md	2393	SEMANTIC-SCRAP	LOW	Semantic-explorer artifact - disposable
tmp/h1-audit3.mjs	2393	SEMANTIC-SCRAP	LOW	Semantic-explorer artifact - disposable
tmp/dive-slots.mjs	2372	SEMANTIC-SCRAP	LOW	Semantic-explorer artifact - disposable
tmp/fix-render-restore-REPORT.md	2368	SEMANTIC-SCRAP	LOW	Semantic-explorer artifact - disposable
tmp/probe-cdp.log	2367	SEMANTIC-SCRAP	LOW	Semantic-explorer artifact - disposable
tmp/swarm-bugsweep-loader-REPORT.md	2362	SEMANTIC-SCRAP	LOW	Semantic-explorer artifact - disposable
tmp/session-resume-2026-08-12.md	2362	SEMANTIC-SCRAP	LOW	Semantic-explorer artifact - disposable
tmp/data-store-postapproval.md	2359	SEMANTIC-SCRAP	LOW	Semantic-explorer artifact - disposable
tmp/semantic-ui-audit-short-landscape-after-fix.json	2356	SEMANTIC-SCRAP	LOW	Semantic-explorer artifact - disposable
tmp/fix-legend-prompt.md	2343	SEMANTIC-SCRAP	LOW	Semantic-explorer artifact - disposable
tmp/refactor-traildepth-REPORT.md	2342	SEMANTIC-SCRAP	LOW	Semantic-explorer artifact - disposable
tmp/test_rf_custom_driver_patch.py	2333	SEMANTIC-SCRAP	LOW	Semantic-explorer artifact - disposable
tmp/VW1-unit-window-report.md	2333	SEMANTIC-SCRAP	LOW	Semantic-explorer artifact - disposable
tmp/visual-qa-20260811-desktop-snapshot.md	2332	SEMANTIC-SCRAP	LOW	Semantic-explorer artifact - disposable
tmp/ws-client.mjs	2316	SEMANTIC-SCRAP	LOW	Semantic-explorer artifact - disposable
tmp/action-133-prompt.md	2303	SEMANTIC-SCRAP	LOW	Semantic-explorer artifact - disposable
tmp/fix-pocket-prompt.md	2300	SEMANTIC-SCRAP	LOW	Semantic-explorer artifact - disposable
tmp/scene-probe.mjs	2293	SEMANTIC-SCRAP	LOW	Semantic-explorer artifact - disposable
tmp/swarm-journey-fix-ribbon	2292	SEMANTIC-SCRAP	LOW	Semantic-explorer artifact - disposable
tmp/fix-showmore-prompt.md	2281	SEMANTIC-SCRAP	LOW	Semantic-explorer artifact - disposable
tmp/header-sweep-D2.md	2276	SEMANTIC-SCRAP	LOW	Semantic-explorer artifact - disposable
tmp/copy-honesty-strike	2273	SEMANTIC-SCRAP	LOW	Semantic-explorer artifact - disposable
tmp/fix-utils-prompt.md	2270	SEMANTIC-SCRAP	LOW	Semantic-explorer artifact - disposable
tmp/zydit-glm52-phase0-report.md	2267	SEMANTIC-SCRAP	LOW	Semantic-explorer artifact - disposable
tmp/fix-state-validators-REPORT.md	2266	SEMANTIC-SCRAP	LOW	Semantic-explorer artifact - disposable
tmp/recation-vacuousness-sweep.md	2265	SEMANTIC-SCRAP	LOW	Semantic-explorer artifact - disposable
tmp/rssi-lab.mjs	2261	SEMANTIC-SCRAP	LOW	Semantic-explorer artifact - disposable
tmp/semantic-ui-audit-mobile-8797-after-fix.json	2256	SEMANTIC-SCRAP	LOW	Semantic-explorer artifact - disposable
tmp/refactor-cameraoffset-prompt.md	2253	SEMANTIC-SCRAP	LOW	Semantic-explorer artifact - disposable
tmp/deepseek-v4-pro-focus-ui-report.md	2252	SEMANTIC-SCRAP	LOW	Semantic-explorer artifact - disposable
tmp/fix-scoring-cache-prompt.md	2250	SEMANTIC-SCRAP	LOW	Semantic-explorer artifact - disposable
tmp/journey-gaps-run.json	2248	SEMANTIC-SCRAP	LOW	Semantic-explorer artifact - disposable
tmp/fleet-3denv-brief.md	2248	SEMANTIC-SCRAP	LOW	Semantic-explorer artifact - disposable
tmp/fix-hydrate-prompt.md	2244	SEMANTIC-SCRAP	LOW	Semantic-explorer artifact - disposable
tmp/god-files-split-plan.md	2235	SEMANTIC-SCRAP	LOW	Semantic-explorer artifact - disposable
tmp/logfare-goal-reliability-20260810	2232	SEMANTIC-SCRAP	LOW	Semantic-explorer artifact - disposable
tmp/fix-barrel-prompt.md	2224	SEMANTIC-SCRAP	LOW	Semantic-explorer artifact - disposable
tmp/dots-direct-shape-ladder-20260818.mjs	2215	SEMANTIC-SCRAP	LOW	Semantic-explorer artifact - disposable
tmp/worker-scan.mjs	2213	SEMANTIC-SCRAP	LOW	Semantic-explorer artifact - disposable
tmp/engine-refactor-visuals-REPORT.md	2213	SEMANTIC-SCRAP	LOW	Semantic-explorer artifact - disposable
tmp/loading-overlay-errorstate-report.md	2210	SEMANTIC-SCRAP	LOW	Semantic-explorer artifact - disposable
tmp/commit-msg-w12-l1l2l4.txt	2208	SEMANTIC-SCRAP	LOW	Semantic-explorer artifact - disposable
tmp/subagent-ui-css-report.md	2207	SEMANTIC-SCRAP	LOW	Semantic-explorer artifact - disposable
tmp/dead-reexport-REPORT.md	2202	SEMANTIC-SCRAP	LOW	Semantic-explorer artifact - disposable
tmp/direct-probe.mjs	2193	SEMANTIC-SCRAP	LOW	Semantic-explorer artifact - disposable
tmp/swarm-decomposition.md	2190	SEMANTIC-SCRAP	LOW	Semantic-explorer artifact - disposable
tmp/scan-writers.mjs	2189	SEMANTIC-SCRAP	LOW	Semantic-explorer artifact - disposable
tmp/swarm-finding-phantom-kilo-hy3.md	2187	SEMANTIC-SCRAP	LOW	Semantic-explorer artifact - disposable
tmp/kiro-bench-report.md	2181	SEMANTIC-SCRAP	LOW	Semantic-explorer artifact - disposable
tmp/skills-merge-J2-REPORT.md	2173	SEMANTIC-SCRAP	LOW	Semantic-explorer artifact - disposable
tmp/semantic-ui-audit-mobile-rebuilt-after-fix.json	2169	SEMANTIC-SCRAP	LOW	Semantic-explorer artifact - disposable
tmp/probe-live.mjs	2160	SEMANTIC-SCRAP	LOW	Semantic-explorer artifact - disposable
tmp/worker-brief-model-routing.md	2159	SEMANTIC-SCRAP	LOW	Semantic-explorer artifact - disposable
tmp/skills-body-canonical-c-REPORT.md	2155	SEMANTIC-SCRAP	LOW	Semantic-explorer artifact - disposable
tmp/fleet-skills-merge-brief.md	2150	SEMANTIC-SCRAP	LOW	Semantic-explorer artifact - disposable
tmp/control-deeplink-probe.mjs	2136	SEMANTIC-SCRAP	LOW	Semantic-explorer artifact - disposable
tmp/A-w896-brief.md	2127	SEMANTIC-SCRAP	LOW	Semantic-explorer artifact - disposable
tmp/sweep-search-deep-prompt.md	2119	SEMANTIC-SCRAP	LOW	Semantic-explorer artifact - disposable
tmp/triage-worker-evidence.mjs	2118	SEMANTIC-SCRAP	LOW	Semantic-explorer artifact - disposable
tmp/fix-searchstore-update-REPORT.md	2116	SEMANTIC-SCRAP	LOW	Semantic-explorer artifact - disposable
tmp/VW3-scan.mjs	2112	SEMANTIC-SCRAP	LOW	Semantic-explorer artifact - disposable
tmp/rf-provenance-record-20260814.json	2100	SEMANTIC-SCRAP	LOW	Semantic-explorer artifact - disposable
tmp/fix-note-twin-REPORT.md	2100	SEMANTIC-SCRAP	LOW	Semantic-explorer artifact - disposable
tmp/h3sa-mjs-contracts.log	2097	SEMANTIC-SCRAP	LOW	Semantic-explorer artifact - disposable
tmp/fix-searchitem-prompt.md	2090	SEMANTIC-SCRAP	LOW	Semantic-explorer artifact - disposable
tmp/B-map-brief.md	2087	SEMANTIC-SCRAP	LOW	Semantic-explorer artifact - disposable
tmp/3d-full-verdict-2026-08-10.md	2068	SEMANTIC-SCRAP	LOW	Semantic-explorer artifact - disposable
tmp/recruiter-assets-report.md	2065	SEMANTIC-SCRAP	LOW	Semantic-explorer artifact - disposable
tmp/scene-edge.mjs	2058	SEMANTIC-SCRAP	LOW	Semantic-explorer artifact - disposable
tmp/semantic-probe-brief.md	2056	SEMANTIC-SCRAP	LOW	Semantic-explorer artifact - disposable
tmp/fix-dpr-prompt.md	2055	SEMANTIC-SCRAP	LOW	Semantic-explorer artifact - disposable
tmp/W5-3dfull-gitstatus.txt	2055	SEMANTIC-SCRAP	LOW	Semantic-explorer artifact - disposable
tmp/_s11.txt	2053	SEMANTIC-SCRAP	LOW	Semantic-explorer artifact - disposable
tmp/subagent-cleanup-report.md	2047	SEMANTIC-SCRAP	LOW	Semantic-explorer artifact - disposable
tmp/h3sa-hero-new.txt	2042	SEMANTIC-SCRAP	LOW	Semantic-explorer artifact - disposable
tmp/TI7-tmp-ttl-sweep-report.md	2042	SEMANTIC-SCRAP	LOW	Semantic-explorer artifact - disposable
tmp/fix-ui-a11y-REPORT.md	2038	SEMANTIC-SCRAP	LOW	Semantic-explorer artifact - disposable
tmp/fix-a11y-motion-REPORT.md	2036	SEMANTIC-SCRAP	LOW	Semantic-explorer artifact - disposable
tmp/h3sa-hero-old.txt	2027	SEMANTIC-SCRAP	LOW	Semantic-explorer artifact - disposable
tmp/bench-round4-report-devstral.md	2026	SEMANTIC-SCRAP	LOW	Semantic-explorer artifact - disposable
tmp/fix-restore-cleanup-REPORT.md	2025	SEMANTIC-SCRAP	LOW	Semantic-explorer artifact - disposable
tmp/fix-scoring-cache-REPORT.md	2017	SEMANTIC-SCRAP	LOW	Semantic-explorer artifact - disposable
tmp/wave8-execution-backlog.md	2011	SEMANTIC-SCRAP	LOW	Semantic-explorer artifact - disposable
tmp/validator-c1.md	2004	SEMANTIC-SCRAP	LOW	Semantic-explorer artifact - disposable
tmp/fleet-skills-trim-brief.md	1994	SEMANTIC-SCRAP	LOW	Semantic-explorer artifact - disposable
tmp/focus-pocket-audit-REPORT.md	1990	SEMANTIC-SCRAP	LOW	Semantic-explorer artifact - disposable
tmp/overlap2.mjs	1986	SEMANTIC-SCRAP	LOW	Semantic-explorer artifact - disposable
tmp/sweep-state-prompt.md	1978	SEMANTIC-SCRAP	LOW	Semantic-explorer artifact - disposable
tmp/verify-utils-fix.js	1974	SEMANTIC-SCRAP	LOW	Semantic-explorer artifact - disposable
tmp/swarm-hotspot-architecture-20260812	1971	SEMANTIC-SCRAP	LOW	Semantic-explorer artifact - disposable
tmp/D3-rich-exec-brief.md	1963	SEMANTIC-SCRAP	LOW	Semantic-explorer artifact - disposable
tmp/thread-inspector-panel-extraction-report.md	1961	SEMANTIC-SCRAP	LOW	Semantic-explorer artifact - disposable
tmp/swarm-hotspot-ui-journey-20260812	1959	SEMANTIC-SCRAP	LOW	Semantic-explorer artifact - disposable
tmp/parity-calculate-reads2.mjs	1956	SEMANTIC-SCRAP	LOW	Semantic-explorer artifact - disposable
tmp/sweep-focuslayer-prompt.md	1955	SEMANTIC-SCRAP	LOW	Semantic-explorer artifact - disposable
tmp/sweep-audio-ui-prompt.md	1955	SEMANTIC-SCRAP	LOW	Semantic-explorer artifact - disposable
tmp/rail-reach-check.mjs	1953	SEMANTIC-SCRAP	LOW	Semantic-explorer artifact - disposable
tmp/probe-root-height.mjs	1953	SEMANTIC-SCRAP	LOW	Semantic-explorer artifact - disposable
tmp/settimeout-audit-report.md	1951	SEMANTIC-SCRAP	LOW	Semantic-explorer artifact - disposable
tmp/probe-logfare-noprofile.mjs	1950	SEMANTIC-SCRAP	LOW	Semantic-explorer artifact - disposable
tmp/cold-load-timing.mjs	1944	SEMANTIC-SCRAP	LOW	Semantic-explorer artifact - disposable
tmp/swarm-hotspot-test-quality-20260812	1941	SEMANTIC-SCRAP	LOW	Semantic-explorer artifact - disposable
tmp/swarm-health-ui-20260812	1941	SEMANTIC-SCRAP	LOW	Semantic-explorer artifact - disposable
tmp/sweep-engine-sync-prompt.md	1935	SEMANTIC-SCRAP	LOW	Semantic-explorer artifact - disposable
tmp/fix-a11y-motion-prompt.md	1928	SEMANTIC-SCRAP	LOW	Semantic-explorer artifact - disposable
tmp/action-132-prompt.md	1927	SEMANTIC-SCRAP	LOW	Semantic-explorer artifact - disposable
tmp/pi-session-recovery-20260817.md	1923	SEMANTIC-SCRAP	LOW	Semantic-explorer artifact - disposable
tmp/semantic-ui-audit-mobile-search-fresh-2.md	1920	SEMANTIC-SCRAP	LOW	Semantic-explorer artifact - disposable
tmp/semantic-ui-audit-mobile-rebuilt-search-2.md	1920	SEMANTIC-SCRAP	LOW	Semantic-explorer artifact - disposable
tmp/sa1-REPORT.md	1914	SEMANTIC-SCRAP	LOW	Semantic-explorer artifact - disposable
tmp/h1-audit2.mjs	1912	SEMANTIC-SCRAP	LOW	Semantic-explorer artifact - disposable
tmp/subagent-S2-case-study-brief.md	1905	SEMANTIC-SCRAP	LOW	Semantic-explorer artifact - disposable
tmp/fix-searchstore-prompt.md	1903	SEMANTIC-SCRAP	LOW	Semantic-explorer artifact - disposable
tmp/w35-devgui	1893	SEMANTIC-SCRAP	LOW	Semantic-explorer artifact - disposable
tmp/patch-router-reframe.mjs	1893	SEMANTIC-SCRAP	LOW	Semantic-explorer artifact - disposable
tmp/sweep-header-prompt.md	1889	SEMANTIC-SCRAP	LOW	Semantic-explorer artifact - disposable
tmp/gate-delta-REPORT.md	1885	SEMANTIC-SCRAP	LOW	Semantic-explorer artifact - disposable
tmp/verify-flesh-physics.mjs	1879	SEMANTIC-SCRAP	LOW	Semantic-explorer artifact - disposable
tmp/gh-flesh-scan.mjs	1877	SEMANTIC-SCRAP	LOW	Semantic-explorer artifact - disposable
tmp/flesh-door-a-setup.md	1873	SEMANTIC-SCRAP	LOW	Semantic-explorer artifact - disposable
tmp/fix-worker-parity-REPORT.md	1872	SEMANTIC-SCRAP	LOW	Semantic-explorer artifact - disposable
tmp/fix-test-pins-prompt.md	1860	SEMANTIC-SCRAP	LOW	Semantic-explorer artifact - disposable
tmp/lead-aria-sync.md	1859	SEMANTIC-SCRAP	LOW	Semantic-explorer artifact - disposable
tmp/configure-crash-dumps.ps1	1854	SEMANTIC-SCRAP	LOW	Semantic-explorer artifact - disposable
tmp/check-escape-expanded.mjs	1852	SEMANTIC-SCRAP	LOW	Semantic-explorer artifact - disposable
tmp/m1-2.findings.md	1847	SEMANTIC-SCRAP	LOW	Semantic-explorer artifact - disposable
tmp/parity-attr-reads2.txt	1840	SEMANTIC-SCRAP	LOW	Semantic-explorer artifact - disposable
tmp/W5-3dfull-report.md	1828	SEMANTIC-SCRAP	LOW	Semantic-explorer artifact - disposable
tmp/t3-3-investigation-report.md	1825	SEMANTIC-SCRAP	LOW	Semantic-explorer artifact - disposable
tmp/probe-why.log	1823	SEMANTIC-SCRAP	LOW	Semantic-explorer artifact - disposable
tmp/run-contract-suite.mjs	1822	SEMANTIC-SCRAP	LOW	Semantic-explorer artifact - disposable
tmp/sweep-journey2-prompt.md	1819	SEMANTIC-SCRAP	LOW	Semantic-explorer artifact - disposable
tmp/fix-136-boot-wait.md	1814	SEMANTIC-SCRAP	LOW	Semantic-explorer artifact - disposable
tmp/role-label-fix-report.md	1810	SEMANTIC-SCRAP	LOW	Semantic-explorer artifact - disposable
tmp/webgl-env-probe.mjs	1806	SEMANTIC-SCRAP	LOW	Semantic-explorer artifact - disposable
tmp/swarm-A-prompt.md	1805	SEMANTIC-SCRAP	LOW	Semantic-explorer artifact - disposable
tmp/F-so-b-brief.md	1798	SEMANTIC-SCRAP	LOW	Semantic-explorer artifact - disposable
tmp/worker-brief-interactive-retry-patch.md	1796	SEMANTIC-SCRAP	LOW	Semantic-explorer artifact - disposable
tmp/revert-placeholder2d.cjs	1787	SEMANTIC-SCRAP	LOW	Semantic-explorer artifact - disposable
tmp/diskusage-desktop.txt	1786	SEMANTIC-SCRAP	LOW	Semantic-explorer artifact - disposable
tmp/test-param-prop.mjs	1784	SEMANTIC-SCRAP	LOW	Semantic-explorer artifact - disposable
tmp/subagent-journey-worker-report.md	1784	SEMANTIC-SCRAP	LOW	Semantic-explorer artifact - disposable
tmp/refactor-autorotate-REPORT.md	1782	SEMANTIC-SCRAP	LOW	Semantic-explorer artifact - disposable
tmp/_s5.txt	1781	SEMANTIC-SCRAP	LOW	Semantic-explorer artifact - disposable
tmp/probe-live2.mjs	1775	SEMANTIC-SCRAP	LOW	Semantic-explorer artifact - disposable
tmp/VW3-post-fold-deadcode-report.md	1769	SEMANTIC-SCRAP	LOW	Semantic-explorer artifact - disposable
tmp/worker-scan-detail.mjs	1765	SEMANTIC-SCRAP	LOW	Semantic-explorer artifact - disposable
tmp/seam3-brief.md	1764	SEMANTIC-SCRAP	LOW	Semantic-explorer artifact - disposable
tmp/verify-reduced.log	1763	SEMANTIC-SCRAP	LOW	Semantic-explorer artifact - disposable
tmp/semantic-ui-audit-mobile-8797-final.json	1762	SEMANTIC-SCRAP	LOW	Semantic-explorer artifact - disposable
tmp/subagent-canvas-timeout-report.md	1760	SEMANTIC-SCRAP	LOW	Semantic-explorer artifact - disposable
tmp/check-broken-fms.mjs	1758	SEMANTIC-SCRAP	LOW	Semantic-explorer artifact - disposable
tmp/semantic-ui-audit-short-landscape-geometry.json	1756	SEMANTIC-SCRAP	LOW	Semantic-explorer artifact - disposable
tmp/capture-flesh.mjs	1753	SEMANTIC-SCRAP	LOW	Semantic-explorer artifact - disposable
tmp/mobile-band-verify.mjs	1746	SEMANTIC-SCRAP	LOW	Semantic-explorer artifact - disposable
tmp/model-graduation-probe-report.md	1736	SEMANTIC-SCRAP	LOW	Semantic-explorer artifact - disposable
tmp/sweep-workers-prompt.md	1734	SEMANTIC-SCRAP	LOW	Semantic-explorer artifact - disposable
tmp/parity-calculate-reads.mjs	1733	SEMANTIC-SCRAP	LOW	Semantic-explorer artifact - disposable
tmp/_h2_analyze.mjs	1723	SEMANTIC-SCRAP	LOW	Semantic-explorer artifact - disposable
tmp/worker-final.mjs	1717	SEMANTIC-SCRAP	LOW	Semantic-explorer artifact - disposable
tmp/node-spike-monitor.ps1	1717	SEMANTIC-SCRAP	LOW	Semantic-explorer artifact - disposable
tmp/reprobe-chat.cjs	1716	SEMANTIC-SCRAP	LOW	Semantic-explorer artifact - disposable
tmp/swarm-D1-docs.md	1704	SEMANTIC-SCRAP	LOW	Semantic-explorer artifact - disposable
tmp/journey-fix-selector-report.md	1704	SEMANTIC-SCRAP	LOW	Semantic-explorer artifact - disposable
tmp/swarm-L1-prompt.md	1701	SEMANTIC-SCRAP	LOW	Semantic-explorer artifact - disposable
tmp/dots-direct-context-ladder-20260818.mjs	1699	SEMANTIC-SCRAP	LOW	Semantic-explorer artifact - disposable
tmp/VW3-final.txt	1692	SEMANTIC-SCRAP	LOW	Semantic-explorer artifact - disposable
tmp/worker-brief-pi-jobs-improvements.md	1687	SEMANTIC-SCRAP	LOW	Semantic-explorer artifact - disposable
tmp/dots-upstream-boundary-probe-20260818.mjs	1683	SEMANTIC-SCRAP	LOW	Semantic-explorer artifact - disposable
tmp/probe-k3-ceiling.mjs	1669	SEMANTIC-SCRAP	LOW	Semantic-explorer artifact - disposable
tmp/3denv-REPORT.md	1668	SEMANTIC-SCRAP	LOW	Semantic-explorer artifact - disposable
tmp/h1-audit.mjs	1665	SEMANTIC-SCRAP	LOW	Semantic-explorer artifact - disposable
tmp/ia1-js-reduced-motion-animation-guard-contract.log	1655	SEMANTIC-SCRAP	LOW	Semantic-explorer artifact - disposable
tmp/h3sa-mjs-js-reduced-motion-animation-guard-contract.out	1655	SEMANTIC-SCRAP	LOW	Semantic-explorer artifact - disposable
tmp/search-adversarial-out.txt	1651	SEMANTIC-SCRAP	LOW	Semantic-explorer artifact - disposable
tmp/parity-calculate-consumers.mjs	1648	SEMANTIC-SCRAP	LOW	Semantic-explorer artifact - disposable
tmp/sweep-keyboard-prompt.md	1646	SEMANTIC-SCRAP	LOW	Semantic-explorer artifact - disposable
tmp/recon3.out.txt	1638	SEMANTIC-SCRAP	LOW	Semantic-explorer artifact - disposable
tmp/trail-diagnose.js	1637	SEMANTIC-SCRAP	LOW	Semantic-explorer artifact - disposable
tmp/semantic-ui-audit-mobile-8797-search.md	1631	SEMANTIC-SCRAP	LOW	Semantic-explorer artifact - disposable
tmp/probe-focus.mjs	1629	SEMANTIC-SCRAP	LOW	Semantic-explorer artifact - disposable
tmp/why-click-path.mjs	1627	SEMANTIC-SCRAP	LOW	Semantic-explorer artifact - disposable
tmp/w-kilo-report.md	1623	SEMANTIC-SCRAP	LOW	Semantic-explorer artifact - disposable
tmp/semantic-threads-f23-REPORT.md	1619	SEMANTIC-SCRAP	LOW	Semantic-explorer artifact - disposable
tmp/probe-hover6.mjs	1614	SEMANTIC-SCRAP	LOW	Semantic-explorer artifact - disposable
tmp/fixq-w1.md	1607	SEMANTIC-SCRAP	LOW	Semantic-explorer artifact - disposable
tmp/fix-136-prompt.md	1602	SEMANTIC-SCRAP	LOW	Semantic-explorer artifact - disposable
tmp/VW3-count2.sh	1595	SEMANTIC-SCRAP	LOW	Semantic-explorer artifact - disposable
tmp/gate-delta2-REPORT.md	1592	SEMANTIC-SCRAP	LOW	Semantic-explorer artifact - disposable
tmp/bench-round2-report.md	1592	SEMANTIC-SCRAP	LOW	Semantic-explorer artifact - disposable
tmp/bench-round2-report-prev-minimax-session.md	1592	SEMANTIC-SCRAP	LOW	Semantic-explorer artifact - disposable
tmp/bench-round2-report-codestral.md	1592	SEMANTIC-SCRAP	LOW	Semantic-explorer artifact - disposable
tmp/check-focus-back.mjs	1590	SEMANTIC-SCRAP	LOW	Semantic-explorer artifact - disposable
tmp/check-expanded-search-flow.mjs	1589	SEMANTIC-SCRAP	LOW	Semantic-explorer artifact - disposable
tmp/gate-bank2-REPORT.md	1586	SEMANTIC-SCRAP	LOW	Semantic-explorer artifact - disposable
tmp/swarm-search-S1-REPORT.md	1581	SEMANTIC-SCRAP	LOW	Semantic-explorer artifact - disposable
tmp/crash-triage-20260814.md	1570	SEMANTIC-SCRAP	LOW	Semantic-explorer artifact - disposable
tmp/fixq-closeout.md	1569	SEMANTIC-SCRAP	LOW	Semantic-explorer artifact - disposable
tmp/fix-barrel-REPORT.md	1564	SEMANTIC-SCRAP	LOW	Semantic-explorer artifact - disposable
tmp/test-param-prop-edge-runner.mjs	1555	SEMANTIC-SCRAP	LOW	Semantic-explorer artifact - disposable
tmp/probe-max-tokens.cjs	1555	SEMANTIC-SCRAP	LOW	Semantic-explorer artifact - disposable
tmp/parity-check-no-parity.mjs	1555	SEMANTIC-SCRAP	LOW	Semantic-explorer artifact - disposable
tmp/inspect_wlan_functions.py	1539	SEMANTIC-SCRAP	LOW	Semantic-explorer artifact - disposable
tmp/fix-chunk-comment.cjs	1538	SEMANTIC-SCRAP	LOW	Semantic-explorer artifact - disposable
tmp/semantic-ui-audit-mobile-results-rules-after-build.json	1535	SEMANTIC-SCRAP	LOW	Semantic-explorer artifact - disposable
tmp/dots-live-smoke-20260818.mjs	1523	SEMANTIC-SCRAP	LOW	Semantic-explorer artifact - disposable
tmp/logfare-alive-2026-08-17.md	1521	SEMANTIC-SCRAP	LOW	Semantic-explorer artifact - disposable
tmp/swarm-B-prompt.md	1518	SEMANTIC-SCRAP	LOW	Semantic-explorer artifact - disposable
tmp/.tmp-audit-parse.mjs	1518	SEMANTIC-SCRAP	LOW	Semantic-explorer artifact - disposable
tmp/fix-personality-contract-REPORT.md	1516	SEMANTIC-SCRAP	LOW	Semantic-explorer artifact - disposable
tmp/E-polish-brief.md	1516	SEMANTIC-SCRAP	LOW	Semantic-explorer artifact - disposable
tmp/probe-search-live.mjs	1515	SEMANTIC-SCRAP	LOW	Semantic-explorer artifact - disposable
tmp/overlap3.mjs	1515	SEMANTIC-SCRAP	LOW	Semantic-explorer artifact - disposable
tmp/semantic-ui-audit-mobile-rebuilt-search.md	1512	SEMANTIC-SCRAP	LOW	Semantic-explorer artifact - disposable
tmp/data-edge-test-output.txt	1510	SEMANTIC-SCRAP	LOW	Semantic-explorer artifact - disposable
tmp/probe-trail-fixed.mjs	1506	SEMANTIC-SCRAP	LOW	Semantic-explorer artifact - disposable
tmp/_gather.js	1505	SEMANTIC-SCRAP	LOW	Semantic-explorer artifact - disposable
tmp/semantic-threads-F1-REPORT.md	1500	SEMANTIC-SCRAP	LOW	Semantic-explorer artifact - disposable
tmp/jd-e2e3.log	1485	SEMANTIC-SCRAP	LOW	Semantic-explorer artifact - disposable
tmp/recon2.out.txt	1482	SEMANTIC-SCRAP	LOW	Semantic-explorer artifact - disposable
tmp/check-escape-input.mjs	1477	SEMANTIC-SCRAP	LOW	Semantic-explorer artifact - disposable
tmp/test-param-prop-runner.mjs	1476	SEMANTIC-SCRAP	LOW	Semantic-explorer artifact - disposable
tmp/harness-observability-report.md	1475	SEMANTIC-SCRAP	LOW	Semantic-explorer artifact - disposable
tmp/fleet-zombie-brief.md	1469	SEMANTIC-SCRAP	LOW	Semantic-explorer artifact - disposable
tmp/data-edge-mainlane-NOTE.md	1462	SEMANTIC-SCRAP	LOW	Semantic-explorer artifact - disposable
tmp/test-highlight-fix.js	1461	SEMANTIC-SCRAP	LOW	Semantic-explorer artifact - disposable
tmp/probe-modelscope-keys.mjs	1458	SEMANTIC-SCRAP	LOW	Semantic-explorer artifact - disposable
tmp/swarm-D-prompt.md	1449	SEMANTIC-SCRAP	LOW	Semantic-explorer artifact - disposable
tmp/header-sweep-D3.md	1448	SEMANTIC-SCRAP	LOW	Semantic-explorer artifact - disposable
tmp/pixels-flesh.mjs	1447	SEMANTIC-SCRAP	LOW	Semantic-explorer artifact - disposable
tmp/compression-probe.mjs	1445	SEMANTIC-SCRAP	LOW	Semantic-explorer artifact - disposable
tmp/svelte-check-output.txt	1444	SEMANTIC-SCRAP	LOW	Semantic-explorer artifact - disposable
tmp/swarm-L2-prompt.md	1436	SEMANTIC-SCRAP	LOW	Semantic-explorer artifact - disposable
tmp/skills-merge-J-REPORT.md	1435	SEMANTIC-SCRAP	LOW	Semantic-explorer artifact - disposable
tmp/shittiest-prompt-minimax-test.md	1427	SEMANTIC-SCRAP	LOW	Semantic-explorer artifact - disposable
tmp/shittiest-prompt-kiro-engine.md	1410	SEMANTIC-SCRAP	LOW	Semantic-explorer artifact - disposable
tmp/fix-test-pins-REPORT.md	1409	SEMANTIC-SCRAP	LOW	Semantic-explorer artifact - disposable
tmp/swarm-S2-dataintegrity.md	1405	SEMANTIC-SCRAP	LOW	Semantic-explorer artifact - disposable
tmp/webdriver-renderkind-probe.mjs	1404	SEMANTIC-SCRAP	LOW	Semantic-explorer artifact - disposable
tmp/audit-reduced-motion.mjs	1403	SEMANTIC-SCRAP	LOW	Semantic-explorer artifact - disposable
tmp/swarm-L3-prompt.md	1402	SEMANTIC-SCRAP	LOW	Semantic-explorer artifact - disposable
tmp/jd-e2e6.log	1399	SEMANTIC-SCRAP	LOW	Semantic-explorer artifact - disposable
tmp/test_rf_cld_probe_contract.py	1396	SEMANTIC-SCRAP	LOW	Semantic-explorer artifact - disposable
tmp/pi-harness-live-smoke-20260810	1395	SEMANTIC-SCRAP	LOW	Semantic-explorer artifact - disposable
tmp/swarm-W2-dewindowing-sweep-verify.log	1394	SEMANTIC-SCRAP	LOW	Semantic-explorer artifact - disposable
tmp/fix-hydrate-REPORT.md	1390	SEMANTIC-SCRAP	LOW	Semantic-explorer artifact - disposable
tmp/fix-showmore-REPORT.md	1382	SEMANTIC-SCRAP	LOW	Semantic-explorer artifact - disposable
tmp/patch-401-failover.mjs	1381	SEMANTIC-SCRAP	LOW	Semantic-explorer artifact - disposable
tmp/tmp-budget-size.mjs	1374	SEMANTIC-SCRAP	LOW	Semantic-explorer artifact - disposable
tmp/refactor-currentview-REPORT.md	1362	SEMANTIC-SCRAP	LOW	Semantic-explorer artifact - disposable
tmp/gen-protected-refs.mjs	1362	SEMANTIC-SCRAP	LOW	Semantic-explorer artifact - disposable
tmp/check-no-results.mjs	1352	SEMANTIC-SCRAP	LOW	Semantic-explorer artifact - disposable
tmp/check-child-keys.mjs	1351	SEMANTIC-SCRAP	LOW	Semantic-explorer artifact - disposable
tmp/swarm-cross-seam-adversarial-20260812-retry	1350	SEMANTIC-SCRAP	LOW	Semantic-explorer artifact - disposable
tmp/swarm-D1-prompt.md	1349	SEMANTIC-SCRAP	LOW	Semantic-explorer artifact - disposable
tmp/swarm-engine-concurrent-restore-20260812	1348	SEMANTIC-SCRAP	LOW	Semantic-explorer artifact - disposable
tmp/fix-coordinator-REPORT.md	1344	SEMANTIC-SCRAP	LOW	Semantic-explorer artifact - disposable
tmp/check_webauthn.cjs	1344	SEMANTIC-SCRAP	LOW	Semantic-explorer artifact - disposable
tmp/semantic-ui-audit-mobile-search-fresh.md	1343	SEMANTIC-SCRAP	LOW	Semantic-explorer artifact - disposable
tmp/w57-zydit-v1-baseurl-fix-report.md	1337	SEMANTIC-SCRAP	LOW	Semantic-explorer artifact - disposable
tmp/probe-force.log	1336	SEMANTIC-SCRAP	LOW	Semantic-explorer artifact - disposable
tmp/swarm-C-prompt.md	1335	SEMANTIC-SCRAP	LOW	Semantic-explorer artifact - disposable
tmp/bench-round5-report-mistral-mistral-medium-2508.md	1334	SEMANTIC-SCRAP	LOW	Semantic-explorer artifact - disposable
tmp/shittiest-prompt-dsv4pro-orchestration.md	1333	SEMANTIC-SCRAP	LOW	Semantic-explorer artifact - disposable
tmp/probe-compass.mjs	1332	SEMANTIC-SCRAP	LOW	Semantic-explorer artifact - disposable
tmp/fix-engine-degraded-REPORT.md	1331	SEMANTIC-SCRAP	LOW	Semantic-explorer artifact - disposable
tmp/debug-phantom4.mjs	1328	SEMANTIC-SCRAP	LOW	Semantic-explorer artifact - disposable
tmp/mock-leak-severity-NOTE.md	1316	SEMANTIC-SCRAP	LOW	Semantic-explorer artifact - disposable
tmp/swarm-health-worktree-20260812	1295	SEMANTIC-SCRAP	LOW	Semantic-explorer artifact - disposable
tmp/sweep-verify.cjs	1293	SEMANTIC-SCRAP	LOW	Semantic-explorer artifact - disposable
tmp/disassemble_range.py	1293	SEMANTIC-SCRAP	LOW	Semantic-explorer artifact - disposable
tmp/transformed-debug.ts	1292	SEMANTIC-SCRAP	LOW	Semantic-explorer artifact - disposable
tmp/logfare-goal-reliability-20260810-retry	1291	SEMANTIC-SCRAP	LOW	Semantic-explorer artifact - disposable
tmp/gate-bank-REPORT.md	1290	SEMANTIC-SCRAP	LOW	Semantic-explorer artifact - disposable
tmp/debug-phantom3.cjs	1290	SEMANTIC-SCRAP	LOW	Semantic-explorer artifact - disposable
tmp/fix-134-prompt.md	1282	SEMANTIC-SCRAP	LOW	Semantic-explorer artifact - disposable
tmp/swarm-health-state-20260812	1280	SEMANTIC-SCRAP	LOW	Semantic-explorer artifact - disposable
tmp/transformed-api-url.ts	1273	SEMANTIC-SCRAP	LOW	Semantic-explorer artifact - disposable
tmp/swarm-audit-fix-judge-20260812	1265	SEMANTIC-SCRAP	LOW	Semantic-explorer artifact - disposable
tmp/fixq-w2.md	1265	SEMANTIC-SCRAP	LOW	Semantic-explorer artifact - disposable
tmp/swarm-worktree-inventory-20260812	1262	SEMANTIC-SCRAP	LOW	Semantic-explorer artifact - disposable
tmp/swarm-health-state-retry-20260812	1261	SEMANTIC-SCRAP	LOW	Semantic-explorer artifact - disposable
tmp/swarm-cross-seam-adversarial-20260812	1259	SEMANTIC-SCRAP	LOW	Semantic-explorer artifact - disposable
tmp/pi-extensions-update2.log	1259	SEMANTIC-SCRAP	LOW	Semantic-explorer artifact - disposable
tmp/m1-1.findings.md	1258	SEMANTIC-SCRAP	LOW	Semantic-explorer artifact - disposable
tmp/swarm-test-resource-quality-20260812	1248	SEMANTIC-SCRAP	LOW	Semantic-explorer artifact - disposable
tmp/shittiest-prompt-kimi-docs.md	1248	SEMANTIC-SCRAP	LOW	Semantic-explorer artifact - disposable
tmp/worker-reconcile.mjs	1245	SEMANTIC-SCRAP	LOW	Semantic-explorer artifact - disposable
tmp/swarm-state-seams-20260812	1240	SEMANTIC-SCRAP	LOW	Semantic-explorer artifact - disposable
tmp/swarm-repair-pi-provider-20260812	1238	SEMANTIC-SCRAP	LOW	Semantic-explorer artifact - disposable
tmp/swarm-consolidation-hotspots-20260812	1238	SEMANTIC-SCRAP	LOW	Semantic-explorer artifact - disposable
tmp/swarm-health-worktree-retry-20260812	1236	SEMANTIC-SCRAP	LOW	Semantic-explorer artifact - disposable
tmp/parity-claims-prelim-NOTE.md	1235	SEMANTIC-SCRAP	LOW	Semantic-explorer artifact - disposable
tmp/probe-searchctx.mjs	1234	SEMANTIC-SCRAP	LOW	Semantic-explorer artifact - disposable
tmp/logfare-full-scan.mjs	1231	SEMANTIC-SCRAP	LOW	Semantic-explorer artifact - disposable
tmp/probe-trail-dist.mjs	1229	SEMANTIC-SCRAP	LOW	Semantic-explorer artifact - disposable
tmp/swarm-consolidation-tests-20260812	1228	SEMANTIC-SCRAP	LOW	Semantic-explorer artifact - disposable
tmp/swarm-consolidation-worktree-20260812	1225	SEMANTIC-SCRAP	LOW	Semantic-explorer artifact - disposable
tmp/swarm-health-ui-retry-20260812	1224	SEMANTIC-SCRAP	LOW	Semantic-explorer artifact - disposable
tmp/swarm-health-engine-20260812	1224	SEMANTIC-SCRAP	LOW	Semantic-explorer artifact - disposable
tmp/swarm-search-staticdev-fix-20260812	1222	SEMANTIC-SCRAP	LOW	Semantic-explorer artifact - disposable
tmp/tray-snapshot.js	1221	SEMANTIC-SCRAP	LOW	Semantic-explorer artifact - disposable
tmp/_grep_findings.txt	1212	SEMANTIC-SCRAP	LOW	Semantic-explorer artifact - disposable
tmp/swarm-provider-smoke-20260812	1209	SEMANTIC-SCRAP	LOW	Semantic-explorer artifact - disposable
tmp/list_reloc_xrefs.py	1209	SEMANTIC-SCRAP	LOW	Semantic-explorer artifact - disposable
tmp/transformed-svelte-rune-shim.mjs	1208	SEMANTIC-SCRAP	LOW	Semantic-explorer artifact - disposable
tmp/shittiest-prompt-dsv4flash-state.md	1208	SEMANTIC-SCRAP	LOW	Semantic-explorer artifact - disposable
tmp/source-inspect-convert-report.md	1206	SEMANTIC-SCRAP	LOW	Semantic-explorer artifact - disposable
tmp/readiness-verify-20260811	1201	SEMANTIC-SCRAP	LOW	Semantic-explorer artifact - disposable
tmp/check-peek-search.mjs	1200	SEMANTIC-SCRAP	LOW	Semantic-explorer artifact - disposable
tmp/landmine-fold-annotation.md	1190	SEMANTIC-SCRAP	LOW	Semantic-explorer artifact - disposable
tmp/contract-repoint-report.md	1189	SEMANTIC-SCRAP	LOW	Semantic-explorer artifact - disposable
tmp/m1-3.findings.md	1188	SEMANTIC-SCRAP	LOW	Semantic-explorer artifact - disposable
tmp/swarm-D3-prompt.md	1177	SEMANTIC-SCRAP	LOW	Semantic-explorer artifact - disposable
tmp/probe-dive.mjs	1177	SEMANTIC-SCRAP	LOW	Semantic-explorer artifact - disposable
tmp/swarm2	1173	SEMANTIC-SCRAP	LOW	Semantic-explorer artifact - disposable
tmp/debug-boot3.mjs	1167	SEMANTIC-SCRAP	LOW	Semantic-explorer artifact - disposable
tmp/trail-debug-notes.md	1165	SEMANTIC-SCRAP	LOW	Semantic-explorer artifact - disposable
tmp/swarm-D4-prompt.md	1163	SEMANTIC-SCRAP	LOW	Semantic-explorer artifact - disposable
tmp/overlap.mjs	1158	SEMANTIC-SCRAP	LOW	Semantic-explorer artifact - disposable
tmp/parity-attr-css-code.txt	1139	SEMANTIC-SCRAP	LOW	Semantic-explorer artifact - disposable
tmp/fix-lazy-handle-count.cjs	1139	SEMANTIC-SCRAP	LOW	Semantic-explorer artifact - disposable
tmp/demo-consumers-audit.txt	1137	SEMANTIC-SCRAP	LOW	Semantic-explorer artifact - disposable
tmp/verify-typing.log	1131	SEMANTIC-SCRAP	LOW	Semantic-explorer artifact - disposable
tmp/sweep-verify.mjs	1131	SEMANTIC-SCRAP	LOW	Semantic-explorer artifact - disposable
tmp/m2-truth.md	1131	SEMANTIC-SCRAP	LOW	Semantic-explorer artifact - disposable
tmp/swarm-D2-prompt.md	1130	SEMANTIC-SCRAP	LOW	Semantic-explorer artifact - disposable
tmp/check-docs-refs.mjs	1125	SEMANTIC-SCRAP	LOW	Semantic-explorer artifact - disposable
tmp/repoint-fixes.md	1118	SEMANTIC-SCRAP	LOW	Semantic-explorer artifact - disposable
tmp/probe-401-fix.cjs	1108	SEMANTIC-SCRAP	LOW	Semantic-explorer artifact - disposable
tmp/_s12.txt	1106	SEMANTIC-SCRAP	LOW	Semantic-explorer artifact - disposable
tmp/swarm-B-deeplink.md	1102	SEMANTIC-SCRAP	LOW	Semantic-explorer artifact - disposable
tmp/probe-logfare-new.mjs	1090	SEMANTIC-SCRAP	LOW	Semantic-explorer artifact - disposable
tmp/h1-prompt.md	1086	SEMANTIC-SCRAP	LOW	Semantic-explorer artifact - disposable
tmp/recon.env.txt	1084	SEMANTIC-SCRAP	LOW	Semantic-explorer artifact - disposable
tmp/gate-postfix-REPORT.md	1082	SEMANTIC-SCRAP	LOW	Semantic-explorer artifact - disposable
tmp/fix-dpr-REPORT.md	1078	SEMANTIC-SCRAP	LOW	Semantic-explorer artifact - disposable
tmp/hold-verify-REPORT.md	1077	SEMANTIC-SCRAP	LOW	Semantic-explorer artifact - disposable
tmp/print-all-frontmatters.mjs	1076	SEMANTIC-SCRAP	LOW	Semantic-explorer artifact - disposable
tmp/probe-max-tokens-inline.cjs	1074	SEMANTIC-SCRAP	LOW	Semantic-explorer artifact - disposable
tmp/logfare-live-sweep2.mjs	1074	SEMANTIC-SCRAP	LOW	Semantic-explorer artifact - disposable
tmp/_audit-debug.mjs	1073	SEMANTIC-SCRAP	LOW	Semantic-explorer artifact - disposable
tmp/run-livekd-pool.ps1	1072	SEMANTIC-SCRAP	LOW	Semantic-explorer artifact - disposable
tmp/fix-legend-REPORT.md	1069	SEMANTIC-SCRAP	LOW	Semantic-explorer artifact - disposable
tmp/fix-lazy-set.cjs	1062	SEMANTIC-SCRAP	LOW	Semantic-explorer artifact - disposable
tmp/beast-m1.md	1061	SEMANTIC-SCRAP	LOW	Semantic-explorer artifact - disposable
tmp/bsC-vision-prompt.txt	1059	SEMANTIC-SCRAP	LOW	Semantic-explorer artifact - disposable
tmp/probe-chip.log	1054	SEMANTIC-SCRAP	LOW	Semantic-explorer artifact - disposable
tmp/_h2_div.mjs	1051	SEMANTIC-SCRAP	LOW	Semantic-explorer artifact - disposable
tmp/scene-pixel.mjs	1044	SEMANTIC-SCRAP	LOW	Semantic-explorer artifact - disposable
tmp/check-manifest.mjs	1043	SEMANTIC-SCRAP	LOW	Semantic-explorer artifact - disposable
tmp/_s3.txt	1042	SEMANTIC-SCRAP	LOW	Semantic-explorer artifact - disposable
tmp/playwright-smoke-2.log	1041	SEMANTIC-SCRAP	LOW	Semantic-explorer artifact - disposable
tmp/scan_binary_strings.py	1034	SEMANTIC-SCRAP	LOW	Semantic-explorer artifact - disposable
tmp/param-prop-fixture-edge.ts	1029	SEMANTIC-SCRAP	LOW	Semantic-explorer artifact - disposable
tmp/swarm-S2-prompt.md	1026	SEMANTIC-SCRAP	LOW	Semantic-explorer artifact - disposable
tmp/swarm-S1-prompt.md	1026	SEMANTIC-SCRAP	LOW	Semantic-explorer artifact - disposable
tmp/transformed-env-flag.ts	1020	SEMANTIC-SCRAP	LOW	Semantic-explorer artifact - disposable
tmp/_gather2.js	1018	SEMANTIC-SCRAP	LOW	Semantic-explorer artifact - disposable
tmp/find-app-link.mjs	1012	SEMANTIC-SCRAP	LOW	Semantic-explorer artifact - disposable
tmp/inspect_cld_elf.py	1009	SEMANTIC-SCRAP	LOW	Semantic-explorer artifact - disposable
tmp/patchB-inspect.cjs	1005	SEMANTIC-SCRAP	LOW	Semantic-explorer artifact - disposable
tmp/sweep-a-out.txt	994	SEMANTIC-SCRAP	LOW	Semantic-explorer artifact - disposable
tmp/inspect-chunks.mjs	992	SEMANTIC-SCRAP	LOW	Semantic-explorer artifact - disposable
tmp/run-tests.mjs	989	SEMANTIC-SCRAP	LOW	Semantic-explorer artifact - disposable
tmp/loader-bank-prefix-core.mjs	983	SEMANTIC-SCRAP	LOW	Semantic-explorer artifact - disposable
tmp/lf-reprobe.mjs	983	SEMANTIC-SCRAP	LOW	Semantic-explorer artifact - disposable
tmp/svelte-check-f3f7.txt	979	SEMANTIC-SCRAP	LOW	Semantic-explorer artifact - disposable
tmp/probe-id.mjs	974	SEMANTIC-SCRAP	LOW	Semantic-explorer artifact - disposable
tmp/dots-upstream-input-control-20260818.mjs	974	SEMANTIC-SCRAP	LOW	Semantic-explorer artifact - disposable
tmp/probe-overlay.log	962	SEMANTIC-SCRAP	LOW	Semantic-explorer artifact - disposable
tmp/ia1-three-resource-lifecycle-contract.log	961	SEMANTIC-SCRAP	LOW	Semantic-explorer artifact - disposable
tmp/fix-141-prompt.md	960	SEMANTIC-SCRAP	LOW	Semantic-explorer artifact - disposable
tmp/swarm-S1-head.md	957	SEMANTIC-SCRAP	LOW	Semantic-explorer artifact - disposable
tmp/test-count.mjs	951	SEMANTIC-SCRAP	LOW	Semantic-explorer artifact - disposable
tmp/fix-utils-REPORT.md	951	SEMANTIC-SCRAP	LOW	Semantic-explorer artifact - disposable
tmp/worker-decompose-interaction-visuals-report.md	950	SEMANTIC-SCRAP	LOW	Semantic-explorer artifact - disposable
tmp/recon.sh	947	SEMANTIC-SCRAP	LOW	Semantic-explorer artifact - disposable
tmp/VW3-final.sh	946	SEMANTIC-SCRAP	LOW	Semantic-explorer artifact - disposable
tmp/header-sweep-B.md	936	SEMANTIC-SCRAP	LOW	Semantic-explorer artifact - disposable
tmp/h1-report.mjs	936	SEMANTIC-SCRAP	LOW	Semantic-explorer artifact - disposable
tmp/subagent-live-runtime-report.md	923	SEMANTIC-SCRAP	LOW	Semantic-explorer artifact - disposable
tmp/parity-attr-consumer-counts-precise.txt	921	SEMANTIC-SCRAP	LOW	Semantic-explorer artifact - disposable
tmp/header-sweep-A.md	920	SEMANTIC-SCRAP	LOW	Semantic-explorer artifact - disposable
tmp/_s9.txt	909	SEMANTIC-SCRAP	LOW	Semantic-explorer artifact - disposable
tmp/kill-stale-pi.ps1	904	SEMANTIC-SCRAP	LOW	Semantic-explorer artifact - disposable
tmp/normalize-segA.txt	902	SEMANTIC-SCRAP	LOW	Semantic-explorer artifact - disposable
tmp/swarm-S3-prompt.md	893	SEMANTIC-SCRAP	LOW	Semantic-explorer artifact - disposable
tmp/fleet-round4	892	SEMANTIC-SCRAP	LOW	Semantic-explorer artifact - disposable
tmp/find-app-live.mjs	888	SEMANTIC-SCRAP	LOW	Semantic-explorer artifact - disposable
tmp/h3-prompt.md	881	SEMANTIC-SCRAP	LOW	Semantic-explorer artifact - disposable
tmp/find-te2.mjs	876	SEMANTIC-SCRAP	LOW	Semantic-explorer artifact - disposable
tmp/probe-surfcls.log	846	SEMANTIC-SCRAP	LOW	Semantic-explorer artifact - disposable
tmp/journey-final-green.log	845	SEMANTIC-SCRAP	LOW	Semantic-explorer artifact - disposable
tmp/VW3-counts2.txt	845	SEMANTIC-SCRAP	LOW	Semantic-explorer artifact - disposable
tmp/parity-attr-reads-precise.txt	841	SEMANTIC-SCRAP	LOW	Semantic-explorer artifact - disposable
tmp/probe-w55s.log	837	SEMANTIC-SCRAP	LOW	Semantic-explorer artifact - disposable
tmp/qa-wave-20260814-text	833	SEMANTIC-SCRAP	LOW	Semantic-explorer artifact - disposable
tmp/h1-tail.md	823	SEMANTIC-SCRAP	LOW	Semantic-explorer artifact - disposable
tmp/debug-phantom2.mjs	822	SEMANTIC-SCRAP	LOW	Semantic-explorer artifact - disposable
tmp/probe-id4.mjs	818	SEMANTIC-SCRAP	LOW	Semantic-explorer artifact - disposable
tmp/h2-prompt.md	818	SEMANTIC-SCRAP	LOW	Semantic-explorer artifact - disposable
tmp/check-back-buttons.mjs	818	SEMANTIC-SCRAP	LOW	Semantic-explorer artifact - disposable
tmp/check-dead2.cjs	817	SEMANTIC-SCRAP	LOW	Semantic-explorer artifact - disposable
tmp/swarm-W2-focus-pocket-sweep-verify.log	813	SEMANTIC-SCRAP	LOW	Semantic-explorer artifact - disposable
tmp/probe-id5.mjs	812	SEMANTIC-SCRAP	LOW	Semantic-explorer artifact - disposable
tmp/debug-root-index.mjs	804	SEMANTIC-SCRAP	LOW	Semantic-explorer artifact - disposable
tmp/swarm-H2-drift.md	788	SEMANTIC-SCRAP	LOW	Semantic-explorer artifact - disposable
tmp/focus-rings2.found.jsonl	788	SEMANTIC-SCRAP	LOW	Semantic-explorer artifact - disposable
tmp/btn-rule-chain.js	787	SEMANTIC-SCRAP	LOW	Semantic-explorer artifact - disposable
tmp/h3sa-typing-probe.log	783	SEMANTIC-SCRAP	LOW	Semantic-explorer artifact - disposable
tmp/debug-boot2.mjs	780	SEMANTIC-SCRAP	LOW	Semantic-explorer artifact - disposable
tmp/probe-escape.log	778	SEMANTIC-SCRAP	LOW	Semantic-explorer artifact - disposable
tmp/TA5-agent-runtime-decision.md	775	SEMANTIC-SCRAP	LOW	Semantic-explorer artifact - disposable
tmp/w896-parity-report.md	769	SEMANTIC-SCRAP	LOW	Semantic-explorer artifact - disposable
tmp/probe-glob.log	757	SEMANTIC-SCRAP	LOW	Semantic-explorer artifact - disposable
tmp/check_reauth.cjs	756	SEMANTIC-SCRAP	LOW	Semantic-explorer artifact - disposable
tmp/baseline-enc.json	753	SEMANTIC-SCRAP	LOW	Semantic-explorer artifact - disposable
tmp/probe-full.log	743	SEMANTIC-SCRAP	LOW	Semantic-explorer artifact - disposable
tmp/logfare-probe-dsv4flash.md	740	SEMANTIC-SCRAP	LOW	Semantic-explorer artifact - disposable
tmp/baseline-emptyband.mjs	734	SEMANTIC-SCRAP	LOW	Semantic-explorer artifact - disposable
tmp/b1-types.txt	733	SEMANTIC-SCRAP	LOW	Semantic-explorer artifact - disposable
tmp/_s13.txt	727	SEMANTIC-SCRAP	LOW	Semantic-explorer artifact - disposable
tmp/tsconfig.pi-loop-guard.json	720	SEMANTIC-SCRAP	LOW	Semantic-explorer artifact - disposable
tmp/logfare-probe-deepseek-v4-pro.md	710	SEMANTIC-SCRAP	LOW	Semantic-explorer artifact - disposable
tmp/parity-attr-consumer-counts.txt	704	SEMANTIC-SCRAP	LOW	Semantic-explorer artifact - disposable
tmp/debug-boot.mjs	703	SEMANTIC-SCRAP	LOW	Semantic-explorer artifact - disposable
tmp/probe-media.log	700	SEMANTIC-SCRAP	LOW	Semantic-explorer artifact - disposable
tmp/logfare-probe-qwen-3.8-27b.md	698	SEMANTIC-SCRAP	LOW	Semantic-explorer artifact - disposable
tmp/check-dead.cjs	695	SEMANTIC-SCRAP	LOW	Semantic-explorer artifact - disposable
tmp/logfare-probe-grape-2-pro.md	694	SEMANTIC-SCRAP	LOW	Semantic-explorer artifact - disposable
tmp/logfare-probe-minimax-m3.md	690	SEMANTIC-SCRAP	LOW	Semantic-explorer artifact - disposable
tmp/logfare-probe-kiro.md	690	SEMANTIC-SCRAP	LOW	Semantic-explorer artifact - disposable
tmp/semantic-ui-audit-search-orientation-transition.json	688	SEMANTIC-SCRAP	LOW	Semantic-explorer artifact - disposable
tmp/debug-phantom.mjs	679	SEMANTIC-SCRAP	LOW	Semantic-explorer artifact - disposable
tmp/logfare-probe-kimi-k3.md	678	SEMANTIC-SCRAP	LOW	Semantic-explorer artifact - disposable
tmp/logfare-probe-glm-5.2.md	678	SEMANTIC-SCRAP	LOW	Semantic-explorer artifact - disposable
tmp/find-te.mjs	677	SEMANTIC-SCRAP	LOW	Semantic-explorer artifact - disposable
tmp/_s14.txt	672	SEMANTIC-SCRAP	LOW	Semantic-explorer artifact - disposable
tmp/parity-rg-dataset-bracket.txt	671	SEMANTIC-SCRAP	LOW	Semantic-explorer artifact - disposable
tmp/param-prop-fixture.ts	670	SEMANTIC-SCRAP	LOW	Semantic-explorer artifact - disposable
tmp/_s8.txt	669	SEMANTIC-SCRAP	LOW	Semantic-explorer artifact - disposable
tmp/W5-3dfull-gitlog.txt	668	SEMANTIC-SCRAP	LOW	Semantic-explorer artifact - disposable
tmp/swarm-S3-assets.md	661	SEMANTIC-SCRAP	LOW	Semantic-explorer artifact - disposable
tmp/run-tests.cjs	659	SEMANTIC-SCRAP	LOW	Semantic-explorer artifact - disposable
tmp/logfare-minimax-m3.md	652	SEMANTIC-SCRAP	LOW	Semantic-explorer artifact - disposable
tmp/search-adversarial-out2.txt	644	SEMANTIC-SCRAP	LOW	Semantic-explorer artifact - disposable
tmp/run-vitest.mjs	636	SEMANTIC-SCRAP	LOW	Semantic-explorer artifact - disposable
tmp/probe-rec.log	626	SEMANTIC-SCRAP	LOW	Semantic-explorer artifact - disposable
tmp/smoke-novita-0731-report.md	623	SEMANTIC-SCRAP	LOW	Semantic-explorer artifact - disposable
tmp/.protected-refs.txt	623	SEMANTIC-SCRAP	LOW	Semantic-explorer artifact - disposable
tmp/bench-round5-report-mistral-mistral-medium-2505.md	621	SEMANTIC-SCRAP	LOW	Semantic-explorer artifact - disposable
tmp/subagent-test-suite-report.md	620	SEMANTIC-SCRAP	LOW	Semantic-explorer artifact - disposable
tmp/trail-where.mjs	619	SEMANTIC-SCRAP	LOW	Semantic-explorer artifact - disposable
tmp/beast-m1-tiers	610	SEMANTIC-SCRAP	LOW	Semantic-explorer artifact - disposable
tmp/vision-probe.pbm	610	SEMANTIC-SCRAP	LOW	Semantic-explorer artifact - disposable
tmp/probe-noleg.log	609	SEMANTIC-SCRAP	LOW	Semantic-explorer artifact - disposable
tmp/test-rg.mjs	594	SEMANTIC-SCRAP	LOW	Semantic-explorer artifact - disposable
tmp/webgl-env-probe.json	593	SEMANTIC-SCRAP	LOW	Semantic-explorer artifact - disposable
tmp/run-data-edge-test.mjs	589	SEMANTIC-SCRAP	LOW	Semantic-explorer artifact - disposable
tmp/probe-lifecycle.mjs	589	SEMANTIC-SCRAP	LOW	Semantic-explorer artifact - disposable
tmp/swarm-b.md	587	SEMANTIC-SCRAP	LOW	Semantic-explorer artifact - disposable
tmp/probe-param-prop-fixture.ts	586	SEMANTIC-SCRAP	LOW	Semantic-explorer artifact - disposable
tmp/probe-data-store.mjs	584	SEMANTIC-SCRAP	LOW	Semantic-explorer artifact - disposable
tmp/fix-134-agents-line.md	579	SEMANTIC-SCRAP	LOW	Semantic-explorer artifact - disposable
tmp/verify-sonar.mjs	577	SEMANTIC-SCRAP	LOW	Semantic-explorer artifact - disposable
tmp/typecheck.json	560	SEMANTIC-SCRAP	LOW	Semantic-explorer artifact - disposable
tmp/btn-width-test.js	560	SEMANTIC-SCRAP	LOW	Semantic-explorer artifact - disposable
tmp/goal-tool.md	547	SEMANTIC-SCRAP	LOW	Semantic-explorer artifact - disposable
tmp/VW3-counts.txt	539	SEMANTIC-SCRAP	LOW	Semantic-explorer artifact - disposable
tmp/recon3.sh	536	SEMANTIC-SCRAP	LOW	Semantic-explorer artifact - disposable
tmp/_s2.txt	528	SEMANTIC-SCRAP	LOW	Semantic-explorer artifact - disposable
tmp/fix-141-robots.md	521	SEMANTIC-SCRAP	LOW	Semantic-explorer artifact - disposable
tmp/diskusage-appdata.txt	518	SEMANTIC-SCRAP	LOW	Semantic-explorer artifact - disposable
tmp/lifecycle-probe.mjs	513	SEMANTIC-SCRAP	LOW	Semantic-explorer artifact - disposable
tmp/probe-disposable.mjs	505	SEMANTIC-SCRAP	LOW	Semantic-explorer artifact - disposable
tmp/probe-id3.mjs	493	SEMANTIC-SCRAP	LOW	Semantic-explorer artifact - disposable
tmp/signal-stores-report.md	491	SEMANTIC-SCRAP	LOW	Semantic-explorer artifact - disposable
tmp/_s4.txt	490	SEMANTIC-SCRAP	LOW	Semantic-explorer artifact - disposable
tmp/ia1-scene-atmosphere-contract.log	477	SEMANTIC-SCRAP	LOW	Semantic-explorer artifact - disposable
tmp/data-edge-probe.json	460	SEMANTIC-SCRAP	LOW	Semantic-explorer artifact - disposable
tmp/parse-surface.mjs	448	SEMANTIC-SCRAP	LOW	Semantic-explorer artifact - disposable
tmp/logfare-kimi-k3.md	446	SEMANTIC-SCRAP	LOW	Semantic-explorer artifact - disposable
tmp/control-deeplink-probe.json	446	SEMANTIC-SCRAP	LOW	Semantic-explorer artifact - disposable
tmp/swarm-c.md	444	SEMANTIC-SCRAP	LOW	Semantic-explorer artifact - disposable
tmp/model-source-audit-health.md	444	SEMANTIC-SCRAP	LOW	Semantic-explorer artifact - disposable
tmp/logfare-minimax-check.mjs	443	SEMANTIC-SCRAP	LOW	Semantic-explorer artifact - disposable
tmp/scorebar1-capture.mjs	441	SEMANTIC-SCRAP	LOW	Semantic-explorer artifact - disposable
tmp/logfare-deepseek-v4-pro.md	440	SEMANTIC-SCRAP	LOW	Semantic-explorer artifact - disposable
tmp/probe-server.mjs	431	SEMANTIC-SCRAP	LOW	Semantic-explorer artifact - disposable
tmp/_goal-state-backup-1786412624.json	430	SEMANTIC-SCRAP	LOW	Semantic-explorer artifact - disposable
tmp/logfare-kiro-auto.md	424	SEMANTIC-SCRAP	LOW	Semantic-explorer artifact - disposable
tmp/sweep-b-out.txt	420	SEMANTIC-SCRAP	LOW	Semantic-explorer artifact - disposable
tmp/TI8-session-diff-review.md	414	SEMANTIC-SCRAP	LOW	Semantic-explorer artifact - disposable
tmp/ia1-three-visual-polish-contract.log	406	SEMANTIC-SCRAP	LOW	Semantic-explorer artifact - disposable
tmp/h3sa-mjs-three-visual-polish-contract.out	405	SEMANTIC-SCRAP	LOW	Semantic-explorer artifact - disposable
tmp/fold-watch.log	405	SEMANTIC-SCRAP	LOW	Semantic-explorer artifact - disposable
tmp/debug-simple.mjs	404	SEMANTIC-SCRAP	LOW	Semantic-explorer artifact - disposable
tmp/recon2.sh	400	SEMANTIC-SCRAP	LOW	Semantic-explorer artifact - disposable
tmp/mjs-refs.mjs	398	SEMANTIC-SCRAP	LOW	Semantic-explorer artifact - disposable
tmp/qa-test-server.err.log	396	SEMANTIC-SCRAP	LOW	Semantic-explorer artifact - disposable
tmp/run-gate-c1.ps1	388	SEMANTIC-SCRAP	LOW	Semantic-explorer artifact - disposable
tmp/beast-probe.md	387	SEMANTIC-SCRAP	LOW	Semantic-explorer artifact - disposable
tmp/grp-p4.md	382	SEMANTIC-SCRAP	LOW	Semantic-explorer artifact - disposable
tmp/patchB-runs.sh	381	SEMANTIC-SCRAP	LOW	Semantic-explorer artifact - disposable
tmp/smoke-REPORT.md	378	SEMANTIC-SCRAP	LOW	Semantic-explorer artifact - disposable
tmp/ui-bindings-report.md	367	SEMANTIC-SCRAP	LOW	Semantic-explorer artifact - disposable
tmp/goal-surface.md	365	SEMANTIC-SCRAP	LOW	Semantic-explorer artifact - disposable
tmp/critique-20260818-home-snapshot.md	361	SEMANTIC-SCRAP	LOW	Semantic-explorer artifact - disposable
tmp/test-multi-generic-comma.mjs	339	SEMANTIC-SCRAP	LOW	Semantic-explorer artifact - disposable
tmp/ui-global-suggestion-report.md	324	SEMANTIC-SCRAP	LOW	Semantic-explorer artifact - disposable
tmp/test-suite.json	319	SEMANTIC-SCRAP	LOW	Semantic-explorer artifact - disposable
tmp/check-svelte-WIP.log	308	SEMANTIC-SCRAP	LOW	Semantic-explorer artifact - disposable
tmp/nested-report2.txt	303	SEMANTIC-SCRAP	LOW	Semantic-explorer artifact - disposable
tmp/m3-goal-REPORT.md	303	SEMANTIC-SCRAP	LOW	Semantic-explorer artifact - disposable
tmp/verify-svelte.log	302	SEMANTIC-SCRAP	LOW	Semantic-explorer artifact - disposable
tmp/probe-router-bytes.mjs	300	SEMANTIC-SCRAP	LOW	Semantic-explorer artifact - disposable
tmp/fullgate2-svelte.log	299	SEMANTIC-SCRAP	LOW	Semantic-explorer artifact - disposable
tmp/fullgate-svelte.log	299	SEMANTIC-SCRAP	LOW	Semantic-explorer artifact - disposable
tmp/h3sa-check-svelte.log	295	SEMANTIC-SCRAP	LOW	Semantic-explorer artifact - disposable
tmp/h3sa-check-svelte-final.log	295	SEMANTIC-SCRAP	LOW	Semantic-explorer artifact - disposable
tmp/probe-id2.mjs	293	SEMANTIC-SCRAP	LOW	Semantic-explorer artifact - disposable
tmp/param-prop-multi-generic-comma.ts	289	SEMANTIC-SCRAP	LOW	Semantic-explorer artifact - disposable
tmp/tsc-nav-check.log	287	SEMANTIC-SCRAP	LOW	Semantic-explorer artifact - disposable
tmp/grp-p1.md	287	SEMANTIC-SCRAP	LOW	Semantic-explorer artifact - disposable
tmp/ia1-svelte-check.log	285	SEMANTIC-SCRAP	LOW	Semantic-explorer artifact - disposable
tmp/search-glows-report.md	269	SEMANTIC-SCRAP	LOW	Semantic-explorer artifact - disposable
tmp/nested-worker-mcp-config.json	266	SEMANTIC-SCRAP	LOW	Semantic-explorer artifact - disposable
tmp/grep-run.txt	260	SEMANTIC-SCRAP	LOW	Semantic-explorer artifact - disposable
tmp/probe-param-prop.mjs	257	SEMANTIC-SCRAP	LOW	Semantic-explorer artifact - disposable
tmp/unit-full-WIP.log	256	SEMANTIC-SCRAP	LOW	Semantic-explorer artifact - disposable
tmp/ui-renderers-report.md	255	SEMANTIC-SCRAP	LOW	Semantic-explorer artifact - disposable
tmp/recon.out.txt	254	SEMANTIC-SCRAP	LOW	Semantic-explorer artifact - disposable
tmp/test-generic-comma.mjs	250	SEMANTIC-SCRAP	LOW	Semantic-explorer artifact - disposable
tmp/fullgate2-units.log	249	SEMANTIC-SCRAP	LOW	Semantic-explorer artifact - disposable
tmp/grad-mistral-large-report.md	238	SEMANTIC-SCRAP	LOW	Semantic-explorer artifact - disposable
tmp/app-init-diag.txt	238	SEMANTIC-SCRAP	LOW	Semantic-explorer artifact - disposable
tmp/npm-outdated.log	237	SEMANTIC-SCRAP	LOW	Semantic-explorer artifact - disposable
tmp/grad-novita-hy3-report.md	233	SEMANTIC-SCRAP	LOW	Semantic-explorer artifact - disposable
tmp/ia1-vitest-final.log	231	SEMANTIC-SCRAP	LOW	Semantic-explorer artifact - disposable
tmp/all7-result.txt	229	SEMANTIC-SCRAP	LOW	Semantic-explorer artifact - disposable
tmp/grad-kilo-auto-free-report.md	228	SEMANTIC-SCRAP	LOW	Semantic-explorer artifact - disposable
tmp/vitest-infopanel.txt	227	SEMANTIC-SCRAP	LOW	Semantic-explorer artifact - disposable
tmp/grad-laguna-poolside-direct-report.md	226	SEMANTIC-SCRAP	LOW	Semantic-explorer artifact - disposable
tmp/grad-laguna-free-report.md	226	SEMANTIC-SCRAP	LOW	Semantic-explorer artifact - disposable
tmp/app-init-result5.txt	225	SEMANTIC-SCRAP	LOW	Semantic-explorer artifact - disposable
tmp/vitest-output2.txt	224	SEMANTIC-SCRAP	LOW	Semantic-explorer artifact - disposable
tmp/grad-mistral-devstral-medium-report.md	222	SEMANTIC-SCRAP	LOW	Semantic-explorer artifact - disposable
tmp/grp-p3.md	220	SEMANTIC-SCRAP	LOW	Semantic-explorer artifact - disposable
tmp/fleet-health-minimax-m3.md	215	SEMANTIC-SCRAP	LOW	Semantic-explorer artifact - disposable
tmp/fleet-health-0731.md	212	SEMANTIC-SCRAP	LOW	Semantic-explorer artifact - disposable
tmp/grad-glm-47-flash-free-report.md	210	SEMANTIC-SCRAP	LOW	Semantic-explorer artifact - disposable
tmp/grad-magistral-small-report.md	207	SEMANTIC-SCRAP	LOW	Semantic-explorer artifact - disposable
tmp/param-prop-generic-comma.ts	205	SEMANTIC-SCRAP	LOW	Semantic-explorer artifact - disposable
tmp/fdroid-termuxapi.json	205	SEMANTIC-SCRAP	LOW	Semantic-explorer artifact - disposable
tmp/grad-mistral-small-report.md	203	SEMANTIC-SCRAP	LOW	Semantic-explorer artifact - disposable
tmp/grad-codestral-report.md	200	SEMANTIC-SCRAP	LOW	Semantic-explorer artifact - disposable
tmp/semantic-ui-audit-mobile-fix-match.json	198	SEMANTIC-SCRAP	LOW	Semantic-explorer artifact - disposable
tmp/wifi-survey.txt	193	SEMANTIC-SCRAP	LOW	Semantic-explorer artifact - disposable
tmp/rssi-lab.csv	192	SEMANTIC-SCRAP	LOW	Semantic-explorer artifact - disposable
tmp/tmp-test2-final.log	186	SEMANTIC-SCRAP	LOW	Semantic-explorer artifact - disposable
tmp/goal-observe-REPORT.md	176	SEMANTIC-SCRAP	LOW	Semantic-explorer artifact - disposable
tmp/grad-magistral-medium-report.md	173	SEMANTIC-SCRAP	LOW	Semantic-explorer artifact - disposable
tmp/TI6-pin-drift-triage.md	173	SEMANTIC-SCRAP	LOW	Semantic-explorer artifact - disposable
tmp/scorebar1.txt	169	SEMANTIC-SCRAP	LOW	Semantic-explorer artifact - disposable
tmp/grad-devstral-latest-report.md	165	SEMANTIC-SCRAP	LOW	Semantic-explorer artifact - disposable
tmp/fleet-health-dsv4pro.md	165	SEMANTIC-SCRAP	LOW	Semantic-explorer artifact - disposable
tmp/grad-devstral-2512-report.md	163	SEMANTIC-SCRAP	LOW	Semantic-explorer artifact - disposable
tmp/semantic-ui-audit-mobile-css-fetch.json	162	SEMANTIC-SCRAP	LOW	Semantic-explorer artifact - disposable
tmp/h3sa-mjs-exitcodes.log	159	SEMANTIC-SCRAP	LOW	Semantic-explorer artifact - disposable
tmp/vitest.scratch.config.ts	158	SEMANTIC-SCRAP	LOW	Semantic-explorer artifact - disposable
tmp/grad-inkling-report.md	158	SEMANTIC-SCRAP	LOW	Semantic-explorer artifact - disposable
tmp/smoke-revert.log	157	SEMANTIC-SCRAP	LOW	Semantic-explorer artifact - disposable
tmp/VW3-scan2.sh	157	SEMANTIC-SCRAP	LOW	Semantic-explorer artifact - disposable
tmp/tsc-nav-check2.log	156	SEMANTIC-SCRAP	LOW	Semantic-explorer artifact - disposable
tmp/probe-lc.mjs	155	SEMANTIC-SCRAP	LOW	Semantic-explorer artifact - disposable
tmp/fleet-health-kiro.md	139	SEMANTIC-SCRAP	LOW	Semantic-explorer artifact - disposable
tmp/pi-extensions-update.log	138	SEMANTIC-SCRAP	LOW	Semantic-explorer artifact - disposable
tmp/webdriver-renderkind-probe.json	137	SEMANTIC-SCRAP	LOW	Semantic-explorer artifact - disposable
tmp/swarm-d.md	137	SEMANTIC-SCRAP	LOW	Semantic-explorer artifact - disposable
tmp/logfare-isolated-sweep	129	SEMANTIC-SCRAP	LOW	Semantic-explorer artifact - disposable
tmp/swarm-W2-state-owner-sweep-verify.log	125	SEMANTIC-SCRAP	LOW	Semantic-explorer artifact - disposable
tmp/swarm-a.md	122	SEMANTIC-SCRAP	LOW	Semantic-explorer artifact - disposable
tmp/grp-p2.md	115	SEMANTIC-SCRAP	LOW	Semantic-explorer artifact - disposable
tmp/fix-verify-report.md	110	SEMANTIC-SCRAP	LOW	Semantic-explorer artifact - disposable
tmp/beast-subgoals	107	SEMANTIC-SCRAP	LOW	Semantic-explorer artifact - disposable
tmp/push-phone.log	106	SEMANTIC-SCRAP	LOW	Semantic-explorer artifact - disposable
tmp/lead-parity.md	74	SEMANTIC-SCRAP	LOW	Semantic-explorer artifact - disposable
tmp/logfare-fresh-sweep	65	SEMANTIC-SCRAP	LOW	Semantic-explorer artifact - disposable
tmp/qa-server.log	64	SEMANTIC-SCRAP	LOW	Semantic-explorer artifact - disposable
tmp/beast-subgoals2	50	SEMANTIC-SCRAP	LOW	Semantic-explorer artifact - disposable
tmp/tmp-ttl-sweep-last-run.txt	49	SEMANTIC-SCRAP	LOW	Semantic-explorer artifact - disposable
tmp/search-input-escape-cancel-test-results-canonical	45	SEMANTIC-SCRAP	LOW	Semantic-explorer artifact - disposable
tmp/semantic-ui-audit-console.txt	43	SEMANTIC-SCRAP	LOW	Semantic-explorer artifact - disposable
tmp/m2.md	38	SEMANTIC-SCRAP	LOW	Semantic-explorer artifact - disposable
tmp/seamhunt-audit-components.txt	37	SEMANTIC-SCRAP	LOW	Semantic-explorer artifact - disposable
tmp/journey-gaps.out	37	SEMANTIC-SCRAP	LOW	Semantic-explorer artifact - disposable
tmp/cline-worker-VERIFIED.md	37	SEMANTIC-SCRAP	LOW	Semantic-explorer artifact - disposable
tmp/termuxapi-apkname.txt	34	SEMANTIC-SCRAP	LOW	Semantic-explorer artifact - disposable
tmp/goal-probe.md	34	SEMANTIC-SCRAP	LOW	Semantic-explorer artifact - disposable
tmp/child-checksum2.txt	33	SEMANTIC-SCRAP	LOW	Semantic-explorer artifact - disposable
tmp/jd-e2e4.log	30	SEMANTIC-SCRAP	LOW	Semantic-explorer artifact - disposable
tmp/grad-infron-laguna21free-report.md	30	SEMANTIC-SCRAP	LOW	Semantic-explorer artifact - disposable
tmp/grad-cloudflare-mistral31-report.md	29	SEMANTIC-SCRAP	LOW	Semantic-explorer artifact - disposable
tmp/lm-probe-minimaxm3.txt	21	SEMANTIC-SCRAP	LOW	Semantic-explorer artifact - disposable
tmp/lm-probe-v4flash0731.txt	20	SEMANTIC-SCRAP	LOW	Semantic-explorer artifact - disposable
tmp/cap-qwen.txt	18	SEMANTIC-SCRAP	LOW	Semantic-explorer artifact - disposable
tmp/lm-probe-v4flash.txt	16	SEMANTIC-SCRAP	LOW	Semantic-explorer artifact - disposable
tmp/lm-probe-qwen35b.txt	16	SEMANTIC-SCRAP	LOW	Semantic-explorer artifact - disposable
tmp/lm-probe-kimik3.txt	15	SEMANTIC-SCRAP	LOW	Semantic-explorer artifact - disposable
tmp/lm-probe-v4pro.txt	14	SEMANTIC-SCRAP	LOW	Semantic-explorer artifact - disposable
tmp/data-store-seam-PRECOUNT.txt	13	SEMANTIC-SCRAP	LOW	Semantic-explorer artifact - disposable
tmp/3d-family-sweep-b-exit.txt	12	SEMANTIC-SCRAP	LOW	Semantic-explorer artifact - disposable
tmp/qa-journey-full-20260813.exit	8	SEMANTIC-SCRAP	LOW	Semantic-explorer artifact - disposable
tmp/qa-journey-full-20260813-final.exit	8	SEMANTIC-SCRAP	LOW	Semantic-explorer artifact - disposable
tmp/fullgate2-tsc.log	8	SEMANTIC-SCRAP	LOW	Semantic-explorer artifact - disposable
tmp/fullgate-tsc.log	8	SEMANTIC-SCRAP	LOW	Semantic-explorer artifact - disposable
tmp/tsc-verify2.log	7	SEMANTIC-SCRAP	LOW	Semantic-explorer artifact - disposable
tmp/tsc-verify.log	7	SEMANTIC-SCRAP	LOW	Semantic-explorer artifact - disposable
tmp/h3sa-tsc.log	7	SEMANTIC-SCRAP	LOW	Semantic-explorer artifact - disposable
tmp/h3sa-tsc-final.log	7	SEMANTIC-SCRAP	LOW	Semantic-explorer artifact - disposable
tmp/vision-probe-answer.txt	6	SEMANTIC-SCRAP	LOW	Semantic-explorer artifact - disposable
tmp/validator-k1.md	6	SEMANTIC-SCRAP	LOW	Semantic-explorer artifact - disposable
tmp/gate-delta2.pid	6	SEMANTIC-SCRAP	LOW	Semantic-explorer artifact - disposable
tmp/qa-server.pid	5	SEMANTIC-SCRAP	LOW	Semantic-explorer artifact - disposable
tmp/worktrees	0	SEMANTIC-SCRAP	LOW	Semantic-explorer artifact - disposable
tmp/visual-qa-reels	0	SEMANTIC-SCRAP	LOW	Semantic-explorer artifact - disposable
tmp/swarm-journey-recommend	0	SEMANTIC-SCRAP	LOW	Semantic-explorer artifact - disposable
tmp/swarm-contention-20260817	0	SEMANTIC-SCRAP	LOW	Semantic-explorer artifact - disposable
tmp/semantic-canonical-browser-check-20260811	0	SEMANTIC-SCRAP	LOW	Semantic-explorer artifact - disposable
tmp/semantic-browser-proof-20260811	0	SEMANTIC-SCRAP	LOW	Semantic-explorer artifact - disposable
tmp/project-audit-20260809	0	SEMANTIC-SCRAP	LOW	Semantic-explorer artifact - disposable
tmp/pi-startup-mcp-wave-20260809	0	SEMANTIC-SCRAP	LOW	Semantic-explorer artifact - disposable
tmp/pi-loop-guard-verification-20260811	0	SEMANTIC-SCRAP	LOW	Semantic-explorer artifact - disposable
tmp/kilo-hy3-mobile-copy-20260812	0	SEMANTIC-SCRAP	LOW	Semantic-explorer artifact - disposable
tmp/focus-readability-contract	0	SEMANTIC-SCRAP	LOW	Semantic-explorer artifact - disposable
tmp/qa-test-server.out.log	0	SEMANTIC-SCRAP	LOW	Semantic-explorer artifact - disposable
tmp/pi-list-models.err	0	SEMANTIC-SCRAP	LOW	Semantic-explorer artifact - disposable
tmp/parity-rg-css-selectors.txt	0	SEMANTIC-SCRAP	LOW	Semantic-explorer artifact - disposable
tmp/du-legacy-folders.txt	0	SEMANTIC-SCRAP	LOW	Semantic-explorer artifact - disposable
tmp/cline-pass-router-stream-smoke.stdout.log	0	SEMANTIC-SCRAP	LOW	Semantic-explorer artifact - disposable
tmp/_h2_err.txt	0	SEMANTIC-SCRAP	LOW	Semantic-explorer artifact - disposable